"ADMIN1NAME","ADMIN2NAME","POP","YEAR"
"ADIS ABEBA","ADDIS KETEMA",261024,2000
"ADIS ABEBA","AKAKI KALITI",137381,2000
"ADIS ABEBA","ARADA",253286,2000
"ADIS ABEBA","BOLE",219404,2000
"ADIS ABEBA","GULELE",274811,2000
"ADIS ABEBA","KIRKOS",225788,2000
"ADIS ABEBA","KOLFE KERANIYO",293014,2000
"ADIS ABEBA","LIDETA",206396,2000
"ADIS ABEBA","NEFAS SILK-LAFTO",334845,2000
"ADIS ABEBA","YEKA",254561,2000
"AFAR","ZONE 1",369138,2000
"AFAR","ZONE 2",248320,2000
"AFAR","ZONE 3",163074,2000
"AFAR","ZONE 4",167414,2000
"AFAR","ZONE 5",237000,2000
"AMARA","ARGOBA SPECIAL ZONE",32812,2000
"AMARA","AWI-ZONE",890315,2000
"AMARA","BAHIR DAR SPECIAL ZONE",147113,2000
"AMARA","EAST GOJJAM",1957146,2000
"AMARA","NORTH GONDAR",2523227,2000
"AMARA","NORTH SHEWA",1768566,2000
"AMARA","NORTH WELLO",1406166,2000
"AMARA","OROMIYA",454227,2000
"AMARA","SOUTH GONDAR",1956017,2000
"AMARA","SOUTH WELLO",2407764,2000
"AMARA","WAGHEMIRA",368785,2000
"AMARA","WEST GOJJAM",2014000,2000
"BINSHANGUL GUMUZ","ASOSSA",244025,2000
"BINSHANGUL GUMUZ","KEMASHI",140856,2000
"BINSHANGUL GUMUZ","METEKEL",215132,2000
"DIR? DAWA","DIR? DAWA",286737,2000
"DIR? DAWA","DIR? DAWA TOWN",14253,2000
"GAMB?LA HIZBOCH","AGNEWAK",78736,2000
"GAMB?LA HIZBOCH","MEZHENGER",81144,2000
"GAMB?LA HIZBOCH","NUWER",85577,2000
"HARERI HIZB","HARERI HIZB",159904,2000
"OROMIYA","ADAMA SPECIAL ZONE",189155,2000
"OROMIYA","ARSI",2291456,2000
"OROMIYA","BALE",1093153,2000
"OROMIYA","BORENA",776107,2000
"OROMIYA","BURAYU SPECIAL ZONE",51782,2000
"OROMIYA","EAST HARARGE",2315483,2000
"OROMIYA","EAST SHEWA",1171295,2000
"OROMIYA","EAST WELLEGA",1038359,2000
"OROMIYA","GUJI",1064705,2000
"OROMIYA","HORO GUDRU WELEGA",501202,2000
"OROMIYA","ILU ABA BORA",1061576,2000
"OROMIYA","JIMA SPECIAL ZONE",107494,2000
"OROMIYA","JIMMA",2194696,2000
"OROMIYA","KELEM WELEGA",671387,2000
"OROMIYA","NORTH SHEWA",1330103,2000
"OROMIYA","SOUTH WEST SHEWA",967855,2000
"OROMIYA","WEST ARSI",1604323,2000
"OROMIYA","WEST HARARGE",1583767,2000
"OROMIYA","WEST SHEWA",1791944,2000
"OROMIYA","WEST WELLEGA",1179558,2000
"SUMAL?","AFDER",437151,2000
"SUMAL?","DEGEHABUR",373605,2000
"SUMAL?","FIK",291418,2000
"SUMAL?","GODE",364744,2000
"SUMAL?","JIJIGA",844549,2000
"SUMAL?","KORAHE",282681,2000
"SUMAL?","LIBEN",495963,2000
"SUMAL?","SHINILE",391650,2000
"SUMAL?","WARDER",316069,2000
"TIGRAY","CENTRAL TIGRAY",1121975,2000
"TIGRAY","EASTERN TIGRAY",699788,2000
"TIGRAY","MEKELE SPECIAL",145932,2000
"TIGRAY","NORTH WESTERN TIGRAY",653473,2000
"TIGRAY","SOUTHERN TIGRAY",929495,2000
"TIGRAY","WESTERN TIGRAY",279439,2000
"YEDEBUB BIH?ROCH BIH?RESEBOCH NA HIZBOCH","BENCH MAJI",470647,2000
"YEDEBUB BIH?ROCH BIH?RESEBOCH NA HIZBOCH","DAWURO",489804,2000
"YEDEBUB BIH?ROCH BIH?RESEBOCH NA HIZBOCH","GAMO GOFA",1346565,2000
"YEDEBUB BIH?ROCH BIH?RESEBOCH NA HIZBOCH","GEDEO",709722,2000
"YEDEBUB BIH?ROCH BIH?RESEBOCH NA HIZBOCH","GURAGE",1257434,2000
"YEDEBUB BIH?ROCH BIH?RESEBOCH NA HIZBOCH","HADIYA",1114463,2000
"YEDEBUB BIH?ROCH BIH?RESEBOCH NA HIZBOCH","HAWASSA CITY ADMINISTRATION-ZONE",197198,2000
"YEDEBUB BIH?ROCH BIH?RESEBOCH NA HIZBOCH","KEFFA",734402,2000
"YEDEBUB BIH?ROCH BIH?RESEBOCH NA HIZBOCH","KEMBATA TIMBARO",627667,2000
"YEDEBUB BIH?ROCH BIH?RESEBOCH NA HIZBOCH","SHEKA",166278,2000
"YEDEBUB BIH?ROCH BIH?RESEBOCH NA HIZBOCH","SIDAMA",2429704,2000
"YEDEBUB BIH?ROCH BIH?RESEBOCH NA HIZBOCH","SILTI",859068,2000
"YEDEBUB BIH?ROCH BIH?RESEBOCH NA HIZBOCH","SOUTH OMO",442134,2000
"YEDEBUB BIH?ROCH BIH?RESEBOCH NA HIZBOCH","WOLAYITA",1365640,2000
"YEDEBUB BIH?ROCH BIH?RESEBOCH NA HIZBOCH","YEM SPECIAL WEREDA",514536,2000
"YEDEBUB BIH?ROCH BIH?RESEBOCH NA HIZBOCH","YEM SPECIAL ZONE",66303,2000
"ADIS ABEBA","ADDIS KETEMA",262787,2001
"ADIS ABEBA","AKAKI KALITI",144425,2001
"ADIS ABEBA","ARADA",249220,2001
"ADIS ABEBA","BOLE",232849,2001
"ADIS ABEBA","GULELE",276481,2001
"ADIS ABEBA","KIRKOS",227367,2001
"ADIS ABEBA","KOLFE KERANIYO",312708,2001
"ADIS ABEBA","LIDETA",207763,2001
"ADIS ABEBA","NEFAS SILK-LAFTO",335391,2001
"ADIS ABEBA","YEKA",268845,2001
"AFAR","ZONE 1",377579,2001
"AFAR","ZONE 2",263538,2001
"AFAR","ZONE 3",169096,2001
"AFAR","ZONE 4",178437,2001
"AFAR","ZONE 5",230643,2001
"AMARA","ARGOBA SPECIAL ZONE",33453,2001
"AMARA","AWI-ZONE",912007,2001
"AMARA","BAHIR DAR SPECIAL ZONE",157699,2001
"AMARA","EAST GOJJAM",2004000,2001
"AMARA","NORTH GONDAR",2601799,2001
"AMARA","NORTH SHEWA",1795691,2001
"AMARA","NORTH WELLO",1433177,2001
"AMARA","OROMIYA",459142,2001
"AMARA","SOUTH GONDAR",1988646,2001
"AMARA","SOUTH WELLO",2446406,2001
"AMARA","WAGHEMIRA",380319,2001
"AMARA","WEST GOJJAM",2043978,2001
"BINSHANGUL GUMUZ","ASOSSA",255022,2001
"BINSHANGUL GUMUZ","KEMASHI",148834,2001
"BINSHANGUL GUMUZ","METEKEL",225207,2001
"DIR? DAWA","DIR? DAWA",293434,2001
"DIR? DAWA","DIR? DAWA TOWN",15855,2001
"GAMB?LA HIZBOCH","AGNEWAK",82065,2001
"GAMB?LA HIZBOCH","MEZHENGER",83825,2001
"GAMB?LA HIZBOCH","NUWER",89970,2001
"HARERI HIZB","HARERI HIZB",164728,2001
"OROMIYA","ADAMA SPECIAL ZONE",195285,2001
"OROMIYA","ARSI",2361687,2001
"OROMIYA","BALE",1143395,2001
"OROMIYA","BORENA",807813,2001
"OROMIYA","BURAYU SPECIAL ZONE",53913,2001
"OROMIYA","EAST HARARGE",2391464,2001
"OROMIYA","EAST SHEWA",1208172,2001
"OROMIYA","EAST WELLEGA",1072555,2001
"OROMIYA","GUJI",1117271,2001
"OROMIYA","HORO GUDRU WELEGA",515641,2001
"OROMIYA","ILU ABA BORA",1099117,2001
"OROMIYA","JIMA SPECIAL ZONE",110436,2001
"OROMIYA","JIMMA",2247732,2001
"OROMIYA","KELEM WELEGA",695002,2001
"OROMIYA","NORTH SHEWA",1357508,2001
"OROMIYA","SOUTH WEST SHEWA",995621,2001
"OROMIYA","WEST ARSI",1668072,2001
"OROMIYA","WEST HARARGE",1638155,2001
"OROMIYA","WEST SHEWA",1846033,2001
"OROMIYA","WEST WELLEGA",1209980,2001
"SUMAL?","AFDER",457685,2001
"SUMAL?","DEGEHABUR",390693,2001
"SUMAL?","FIK",301446,2001
"SUMAL?","GODE",377741,2001
"SUMAL?","JIJIGA",868927,2001
"SUMAL?","KORAHE",289340,2001
"SUMAL?","LIBEN",506572,2001
"SUMAL?","SHINILE",403811,2001
"SUMAL?","WARDER",317306,2001
"TIGRAY","CENTRAL TIGRAY",1150380,2001
"TIGRAY","EASTERN TIGRAY",714479,2001
"TIGRAY","MEKELE SPECIAL",155981,2001
"TIGRAY","NORTH WESTERN TIGRAY",671515,2001
"TIGRAY","SOUTHERN TIGRAY",949468,2001
"TIGRAY","WESTERN TIGRAY",292088,2001
"YEDEBUB BIH?ROCH BIH?RESEBOCH NA HIZBOCH","BENCH MAJI",497919,2001
"YEDEBUB BIH?ROCH BIH?RESEBOCH NA HIZBOCH","DAWURO",513842,2001
"YEDEBUB BIH?ROCH BIH?RESEBOCH NA HIZBOCH","GAMO GOFA",1393295,2001
"YEDEBUB BIH?ROCH BIH?RESEBOCH NA HIZBOCH","GEDEO",735299,2001
"YEDEBUB BIH?ROCH BIH?RESEBOCH NA HIZBOCH","GURAGE",1272989,2001
"YEDEBUB BIH?ROCH BIH?RESEBOCH NA HIZBOCH","HADIYA",1141716,2001
"YEDEBUB BIH?ROCH BIH?RESEBOCH NA HIZBOCH","HAWASSA CITY ADMINISTRATION-ZONE",207150,2001
"YEDEBUB BIH?ROCH BIH?RESEBOCH NA HIZBOCH","KEFFA",760651,2001
"YEDEBUB BIH?ROCH BIH?RESEBOCH NA HIZBOCH","KEMBATA TIMBARO",641362,2001
"YEDEBUB BIH?ROCH BIH?RESEBOCH NA HIZBOCH","SHEKA",172359,2001
"YEDEBUB BIH?ROCH BIH?RESEBOCH NA HIZBOCH","SIDAMA",2523550,2001
"YEDEBUB BIH?ROCH BIH?RESEBOCH NA HIZBOCH","SILTI",884300,2001
"YEDEBUB BIH?ROCH BIH?RESEBOCH NA HIZBOCH","SOUTH OMO",463629,2001
"YEDEBUB BIH?ROCH BIH?RESEBOCH NA HIZBOCH","WOLAYITA",1398144,2001
"YEDEBUB BIH?ROCH BIH?RESEBOCH NA HIZBOCH","YEM SPECIAL WEREDA",538827,2001
"YEDEBUB BIH?ROCH BIH?RESEBOCH NA HIZBOCH","YEM SPECIAL ZONE",66235,2001
"ADIS ABEBA","ADDIS KETEMA",264545,2002
"ADIS ABEBA","AKAKI KALITI",151822,2002
"ADIS ABEBA","ARADA",245205,2002
"ADIS ABEBA","BOLE",247093,2002
"ADIS ABEBA","GULELE",278142,2002
"ADIS ABEBA","KIRKOS",228932,2002
"ADIS ABEBA","KOLFE KERANIYO",333695,2002
"ADIS ABEBA","LIDETA",209117,2002
"ADIS ABEBA","NEFAS SILK-LAFTO",335924,2002
"ADIS ABEBA","YEKA",283909,2002
"AFAR","ZONE 1",386243,2002
"AFAR","ZONE 2",279930,2002
"AFAR","ZONE 3",175455,2002
"AFAR","ZONE 4",190313,2002
"AFAR","ZONE 5",224461,2002
"AMARA","ARGOBA SPECIAL ZONE",34097,2002
"AMARA","AWI-ZONE",934211,2002
"AMARA","BAHIR DAR SPECIAL ZONE",169023,2002
"AMARA","EAST GOJJAM",2051921,2002
"AMARA","NORTH GONDAR",2683378,2002
"AMARA","NORTH SHEWA",1823216,2002
"AMARA","NORTH WELLO",1460715,2002
"AMARA","OROMIYA",464093,2002
"AMARA","SOUTH GONDAR",2021880,2002
"AMARA","SOUTH WELLO",2485905,2002
"AMARA","WAGHEMIRA",392173,2002
"AMARA","WEST GOJJAM",2075397,2002
"BINSHANGUL GUMUZ","ASOSSA",266579,2002
"BINSHANGUL GUMUZ","KEMASHI",157415,2002
"BINSHANGUL GUMUZ","METEKEL",235778,2002
"DIR? DAWA","DIR? DAWA",300252,2002
"DIR? DAWA","DIR? DAWA TOWN",17635,2002
"GAMB?LA HIZBOCH","AGNEWAK",85566,2002
"GAMB?LA HIZBOCH","MEZHENGER",86600,2002
"GAMB?LA HIZBOCH","NUWER",94590,2002
"HARERI HIZB","HARERI HIZB",169694,2002
"OROMIYA","ADAMA SPECIAL ZONE",201599,2002
"OROMIYA","ARSI",2433965,2002
"OROMIYA","BALE",1196273,2002
"OROMIYA","BORENA",841064,2002
"OROMIYA","BURAYU SPECIAL ZONE",56127,2002
"OROMIYA","EAST HARARGE",2470618,2002
"OROMIYA","EAST SHEWA",1246151,2002
"OROMIYA","EAST WELLEGA",1107834,2002
"OROMIYA","GUJI",1172458,2002
"OROMIYA","HORO GUDRU WELEGA",530463,2002
"OROMIYA","ILU ABA BORA",1138354,2002
"OROMIYA","JIMA SPECIAL ZONE",113448,2002
"OROMIYA","JIMMA",2302237,2002
"OROMIYA","KELEM WELEGA",719479,2002
"OROMIYA","NORTH SHEWA",1385443,2002
"OROMIYA","SOUTH WEST SHEWA",1024208,2002
"OROMIYA","WEST ARSI",1734346,2002
"OROMIYA","WEST HARARGE",1694452,2002
"OROMIYA","WEST SHEWA",1901785,2002
"OROMIYA","WEST WELLEGA",1242486,2002
"SUMAL?","AFDER",479577,2002
"SUMAL?","DEGEHABUR",408664,2002
"SUMAL?","FIK",311992,2002
"SUMAL?","GODE",392457,2002
"SUMAL?","JIJIGA",894291,2002
"SUMAL?","KORAHE",296249,2002
"SUMAL?","LIBEN",517544,2002
"SUMAL?","SHINILE",416559,2002
"SUMAL?","WARDER",318696,2002
"TIGRAY","CENTRAL TIGRAY",1179478,2002
"TIGRAY","EASTERN TIGRAY",729465,2002
"TIGRAY","MEKELE SPECIAL",166705,2002
"TIGRAY","NORTH WESTERN TIGRAY",690003,2002
"TIGRAY","SOUTHERN TIGRAY",969853,2002
"TIGRAY","WESTERN TIGRAY",305396,2002
"YEDEBUB BIH?ROCH BIH?RESEBOCH NA HIZBOCH","BENCH MAJI",526878,2002
"YEDEBUB BIH?ROCH BIH?RESEBOCH NA HIZBOCH","DAWURO",539030,2002
"YEDEBUB BIH?ROCH BIH?RESEBOCH NA HIZBOCH","GAMO GOFA",1441588,2002
"YEDEBUB BIH?ROCH BIH?RESEBOCH NA HIZBOCH","GEDEO",761783,2002
"YEDEBUB BIH?ROCH BIH?RESEBOCH NA HIZBOCH","GURAGE",1288701,2002
"YEDEBUB BIH?ROCH BIH?RESEBOCH NA HIZBOCH","HADIYA",1169609,2002
"YEDEBUB BIH?ROCH BIH?RESEBOCH NA HIZBOCH","HAWASSA CITY ADMINISTRATION-ZONE",217596,2002
"YEDEBUB BIH?ROCH BIH?RESEBOCH NA HIZBOCH","KEFFA",787782,2002
"YEDEBUB BIH?ROCH BIH?RESEBOCH NA HIZBOCH","KEMBATA TIMBARO",655306,2002
"YEDEBUB BIH?ROCH BIH?RESEBOCH NA HIZBOCH","SHEKA",178658,2002
"YEDEBUB BIH?ROCH BIH?RESEBOCH NA HIZBOCH","SIDAMA",2621059,2002
"YEDEBUB BIH?ROCH BIH?RESEBOCH NA HIZBOCH","SILTI",910358,2002
"YEDEBUB BIH?ROCH BIH?RESEBOCH NA HIZBOCH","SOUTH OMO",486149,2002
"YEDEBUB BIH?ROCH BIH?RESEBOCH NA HIZBOCH","WOLAYITA",1431354,2002
"YEDEBUB BIH?ROCH BIH?RESEBOCH NA HIZBOCH","YEM SPECIAL WEREDA",564329,2002
"YEDEBUB BIH?ROCH BIH?RESEBOCH NA HIZBOCH","YEM SPECIAL ZONE",66159,2002
"ADIS ABEBA","ADDIS KETEMA",266271,2003
"ADIS ABEBA","AKAKI KALITI",159570,2003
"ADIS ABEBA","ARADA",241214,2003
"ADIS ABEBA","BOLE",262169,2003
"ADIS ABEBA","GULELE",279773,2003
"ADIS ABEBA","KIRKOS",230474,2003
"ADIS ABEBA","KOLFE KERANIYO",356041,2003
"ADIS ABEBA","LIDETA",210449,2003
"ADIS ABEBA","NEFAS SILK-LAFTO",336403,2003
"ADIS ABEBA","YEKA",299766,2003
"AFAR","ZONE 1",395114,2003
"AFAR","ZONE 2",297597,2003
"AFAR","ZONE 3",182175,2003
"AFAR","ZONE 4",203113,2003
"AFAR","ZONE 5",218435,2003
"AMARA","ARGOBA SPECIAL ZONE",34753,2003
"AMARA","AWI-ZONE",956847,2003
"AMARA","BAHIR DAR SPECIAL ZONE",181132,2003
"AMARA","EAST GOJJAM",2100703,2003
"AMARA","NORTH GONDAR",2767851,2003
"AMARA","NORTH SHEWA",1851011,2003
"AMARA","NORTH WELLO",1488679,2003
"AMARA","OROMIYA",469040,2003
"AMARA","SOUTH GONDAR",2055476,2003
"AMARA","SOUTH WELLO",2526069,2003
"AMARA","WAGHEMIRA",404343,2003
"AMARA","WEST GOJJAM",2108071,2003
"BINSHANGUL GUMUZ","ASOSSA",278690,2003
"BINSHANGUL GUMUZ","KEMASHI",166634,2003
"BINSHANGUL GUMUZ","METEKEL",246830,2003
"DIR? DAWA","DIR? DAWA",307193,2003
"DIR? DAWA","DIR? DAWA TOWN",19611,2003
"GAMB?LA HIZBOCH","AGNEWAK",89245,2003
"GAMB?LA HIZBOCH","MEZHENGER",89443,2003
"GAMB?LA HIZBOCH","NUWER",99446,2003
"HARERI HIZB","HARERI HIZB",174774,2003
"OROMIYA","ADAMA SPECIAL ZONE",208086,2003
"OROMIYA","ARSI",2508101,2003
"OROMIYA","BALE",1251830,2003
"OROMIYA","BORENA",875855,2003
"OROMIYA","BURAYU SPECIAL ZONE",58420,2003
"OROMIYA","EAST HARARGE",2552913,2003
"OROMIYA","EAST SHEWA",1285213,2003
"OROMIYA","EAST WELLEGA",1144149,2003
"OROMIYA","GUJI",1230283,2003
"OROMIYA","HORO GUDRU WELEGA",545677,2003
"OROMIYA","ILU ABA BORA",1179275,2003
"OROMIYA","JIMA SPECIAL ZONE",116520,2003
"OROMIYA","JIMMA",2358074,2003
"OROMIYA","KELEM WELEGA",744741,2003
"OROMIYA","NORTH SHEWA",1413756,2003
"OROMIYA","SOUTH WEST SHEWA",1053542,2003
"OROMIYA","WEST ARSI",1803101,2003
"OROMIYA","WEST HARARGE",1752582,2003
"OROMIYA","WEST SHEWA",1959064,2003
"OROMIYA","WEST WELLEGA",1277276,2003
"SUMAL?","AFDER",502832,2003
"SUMAL?","DEGEHABUR",427510,2003
"SUMAL?","FIK",323054,2003
"SUMAL?","GODE",409002,2003
"SUMAL?","JIJIGA",920589,2003
"SUMAL?","KORAHE",303400,2003
"SUMAL?","LIBEN",528850,2003
"SUMAL?","SHINILE",429885,2003
"SUMAL?","WARDER",320207,2003
"TIGRAY","CENTRAL TIGRAY",1209089,2003
"TIGRAY","EASTERN TIGRAY",744694,2003
"TIGRAY","MEKELE SPECIAL",178143,2003
"TIGRAY","NORTH WESTERN TIGRAY",708910,2003
"TIGRAY","SOUTHERN TIGRAY",990568,2003
"TIGRAY","WESTERN TIGRAY",319342,2003
"YEDEBUB BIH?ROCH BIH?RESEBOCH NA HIZBOCH","BENCH MAJI",557606,2003
"YEDEBUB BIH?ROCH BIH?RESEBOCH NA HIZBOCH","DAWURO",565363,2003
"YEDEBUB BIH?ROCH BIH?RESEBOCH NA HIZBOCH","GAMO GOFA",1491388,2003
"YEDEBUB BIH?ROCH BIH?RESEBOCH NA HIZBOCH","GEDEO",789139,2003
"YEDEBUB BIH?ROCH BIH?RESEBOCH NA HIZBOCH","GURAGE",1304462,2003
"YEDEBUB BIH?ROCH BIH?RESEBOCH NA HIZBOCH","HADIYA",1198057,2003
"YEDEBUB BIH?ROCH BIH?RESEBOCH NA HIZBOCH","HAWASSA CITY ADMINISTRATION-ZONE",228522,2003
"YEDEBUB BIH?ROCH BIH?RESEBOCH NA HIZBOCH","KEFFA",815798,2003
"YEDEBUB BIH?ROCH BIH?RESEBOCH NA HIZBOCH","KEMBATA TIMBARO",669483,2003
"YEDEBUB BIH?ROCH BIH?RESEBOCH NA HIZBOCH","SHEKA",185167,2003
"YEDEBUB BIH?ROCH BIH?RESEBOCH NA HIZBOCH","SIDAMA",2722191,2003
"YEDEBUB BIH?ROCH BIH?RESEBOCH NA HIZBOCH","SILTI",937147,2003
"YEDEBUB BIH?ROCH BIH?RESEBOCH NA HIZBOCH","SOUTH OMO",509687,2003
"YEDEBUB BIH?ROCH BIH?RESEBOCH NA HIZBOCH","WOLAYITA",1465140,2003
"YEDEBUB BIH?ROCH BIH?RESEBOCH NA HIZBOCH","YEM SPECIAL WEREDA",591048,2003
"YEDEBUB BIH?ROCH BIH?RESEBOCH NA HIZBOCH","YEM SPECIAL ZONE",66077,2003
"ADIS ABEBA","ADDIS KETEMA",267902,2004
"ADIS ABEBA","AKAKI KALITI",167658,2004
"ADIS ABEBA","ARADA",237193,2004
"ADIS ABEBA","BOLE",278054,2004
"ADIS ABEBA","GULELE",281300,2004
"ADIS ABEBA","KIRKOS",231943,2004
"ADIS ABEBA","KOLFE KERANIYO",379729,2004
"ADIS ABEBA","LIDETA",211709,2004
"ADIS ABEBA","NEFAS SILK-LAFTO",336748,2004
"ADIS ABEBA","YEKA",316393,2004
"AFAR","ZONE 1",404093,2004
"AFAR","ZONE 2",316544,2004
"AFAR","ZONE 3",189234,2004
"AFAR","ZONE 4",216858,2004
"AFAR","ZONE 5",212505,2004
"AMARA","ARGOBA SPECIAL ZONE",35404,2004
"AMARA","AWI-ZONE",979719,2004
"AMARA","BAHIR DAR SPECIAL ZONE",194040,2004
"AMARA","EAST GOJJAM",2149935,2004
"AMARA","NORTH GONDAR",2854734,2004
"AMARA","NORTH SHEWA",1878665,2004
"AMARA","NORTH WELLO",1516731,2004
"AMARA","OROMIYA",473876,2004
"AMARA","SOUTH GONDAR",2089062,2004
"AMARA","SOUTH WELLO",2566343,2004
"AMARA","WAGHEMIRA",416758,2004
"AMARA","WEST GOJJAM",2141647,2004
"BINSHANGUL GUMUZ","ASOSSA",291316,2004
"BINSHANGUL GUMUZ","KEMASHI",176508,2004
"BINSHANGUL GUMUZ","METEKEL",258329,2004
"DIR? DAWA","DIR? DAWA",314169,2004
"DIR? DAWA","DIR? DAWA TOWN",21796,2004
"GAMB?LA HIZBOCH","AGNEWAK",93083,2004
"GAMB?LA HIZBOCH","MEZHENGER",92361,2004
"GAMB?LA HIZBOCH","NUWER",104548,2004
"HARERI HIZB","HARERI HIZB",179946,2004
"OROMIYA","ADAMA SPECIAL ZONE",214701,2004
"OROMIYA","ARSI",2583619,2004
"OROMIYA","BALE",1309918,2004
"OROMIYA","BORENA",912035,2004
"OROMIYA","BURAYU SPECIAL ZONE",60785,2004
"OROMIYA","EAST HARARGE",2637957,2004
"OROMIYA","EAST SHEWA",1325035,2004
"OROMIYA","EAST WELLEGA",1181230,2004
"OROMIYA","GUJI",1290570,2004
"OROMIYA","HORO GUDRU WELEGA",561104,2004
"OROMIYA","ILU ABA BORA",1221745,2004
"OROMIYA","JIMA SPECIAL ZONE",119633,2004
"OROMIYA","JIMMA",2414676,2004
"OROMIYA","KELEM WELEGA",770692,2004
"OROMIYA","NORTH SHEWA",1442187,2004
"OROMIYA","SOUTH WEST SHEWA",1083424,2004
"OROMIYA","WEST ARSI",1873986,2004
"OROMIYA","WEST HARARGE",1812230,2004
"OROMIYA","WEST SHEWA",2017480,2004
"OROMIYA","WEST WELLEGA",1314341,2004
"SUMAL?","AFDER",527487,2004
"SUMAL?","DEGEHABUR",447206,2004
"SUMAL?","FIK",334588,2004
"SUMAL?","GODE",427544,2004
"SUMAL?","JIJIGA",947672,2004
"SUMAL?","KORAHE",310742,2004
"SUMAL?","LIBEN",540381,2004
"SUMAL?","SHINILE",443718,2004
"SUMAL?","WARDER",321762,2004
"TIGRAY","CENTRAL TIGRAY",1239010,2004
"TIGRAY","EASTERN TIGRAY",760014,2004
"TIGRAY","MEKELE SPECIAL",190293,2004
"TIGRAY","NORTH WESTERN TIGRAY",728067,2004
"TIGRAY","SOUTHERN TIGRAY",1011413,2004
"TIGRAY","WESTERN TIGRAY",333906,2004
"YEDEBUB BIH?ROCH BIH?RESEBOCH NA HIZBOCH","BENCH MAJI",590064,2004
"YEDEBUB BIH?ROCH BIH?RESEBOCH NA HIZBOCH","DAWURO",592775,2004
"YEDEBUB BIH?ROCH BIH?RESEBOCH NA HIZBOCH","GAMO GOFA",1542392,2004
"YEDEBUB BIH?ROCH BIH?RESEBOCH NA HIZBOCH","GEDEO",817207,2004
"YEDEBUB BIH?ROCH BIH?RESEBOCH NA HIZBOCH","GURAGE",1319993,2004
"YEDEBUB BIH?ROCH BIH?RESEBOCH NA HIZBOCH","HADIYA",1226792,2004
"YEDEBUB BIH?ROCH BIH?RESEBOCH NA HIZBOCH","HAWASSA CITY ADMINISTRATION-ZONE",239911,2004
"YEDEBUB BIH?ROCH BIH?RESEBOCH NA HIZBOCH","KEFFA",844505,2004
"YEDEBUB BIH?ROCH BIH?RESEBOCH NA HIZBOCH","KEMBATA TIMBARO",683731,2004
"YEDEBUB BIH?ROCH BIH?RESEBOCH NA HIZBOCH","SHEKA",191872,2004
"YEDEBUB BIH?ROCH BIH?RESEBOCH NA HIZBOCH","SIDAMA",2826421,2004
"YEDEBUB BIH?ROCH BIH?RESEBOCH NA HIZBOCH","SILTI",964495,2004
"YEDEBUB BIH?ROCH BIH?RESEBOCH NA HIZBOCH","SOUTH OMO",534172,2004
"YEDEBUB BIH?ROCH BIH?RESEBOCH NA HIZBOCH","WOLAYITA",1499200,2004
"YEDEBUB BIH?ROCH BIH?RESEBOCH NA HIZBOCH","YEM SPECIAL WEREDA",618920,2004
"YEDEBUB BIH?ROCH BIH?RESEBOCH NA HIZBOCH","YEM SPECIAL ZONE",65970,2004
"ADIS ABEBA","ADDIS KETEMA",269417,2005
"ADIS ABEBA","AKAKI KALITI",176062,2005
"ADIS ABEBA","ARADA",233126,2005
"ADIS ABEBA","BOLE",294761,2005
"ADIS ABEBA","GULELE",282704,2005
"ADIS ABEBA","KIRKOS",233307,2005
"ADIS ABEBA","KOLFE KERANIYO",404803,2005
"ADIS ABEBA","LIDETA",212869,2005
"ADIS ABEBA","NEFAS SILK-LAFTO",336934,2005
"ADIS ABEBA","YEKA",333780,2005
"AFAR","ZONE 1",413147,2005
"AFAR","ZONE 2",336839,2005
"AFAR","ZONE 3",196610,2005
"AFAR","ZONE 4",231602,2005
"AFAR","ZONE 5",206672,2005
"AMARA","ARGOBA SPECIAL ZONE",36052,2005
"AMARA","AWI-ZONE",1002684,2005
"AMARA","BAHIR DAR SPECIAL ZONE",207766,2005
"AMARA","EAST GOJJAM",2199290,2005
"AMARA","NORTH GONDAR",2943786,2005
"AMARA","NORTH SHEWA",1905935,2005
"AMARA","NORTH WELLO",1544692,2005
"AMARA","OROMIYA",478548,2005
"AMARA","SOUTH GONDAR",2122360,2005
"AMARA","SOUTH WELLO",2606454,2005
"AMARA","WAGHEMIRA",429355,2005
"AMARA","WEST GOJJAM",2175938,2005
"BINSHANGUL GUMUZ","ASOSSA",304448,2005
"BINSHANGUL GUMUZ","KEMASHI",187077,2005
"BINSHANGUL GUMUZ","METEKEL",270272,2005
"DIR? DAWA","DIR? DAWA",321149,2005
"DIR? DAWA","DIR? DAWA TOWN",24220,2005
"GAMB?LA HIZBOCH","AGNEWAK",97094,2005
"GAMB?LA HIZBOCH","MEZHENGER",95312,2005
"GAMB?LA HIZBOCH","NUWER",109871,2005
"HARERI HIZB","HARERI HIZB",185178,2005
"OROMIYA","ADAMA SPECIAL ZONE",221415,2005
"OROMIYA","ARSI",2660126,2005
"OROMIYA","BALE",1370514,2005
"OROMIYA","BORENA",949556,2005
"OROMIYA","BURAYU SPECIAL ZONE",63215,2005
"OROMIYA","EAST HARARGE",2725618,2005
"OROMIYA","EAST SHEWA",1365500,2005
"OROMIYA","EAST WELLEGA",1219029,2005
"OROMIYA","GUJI",1353312,2005
"OROMIYA","HORO GUDRU WELEGA",576741,2005
"OROMIYA","ILU ABA BORA",1265706,2005
"OROMIYA","JIMA SPECIAL ZONE",122773,2005
"OROMIYA","JIMMA",2471831,2005
"OROMIYA","KELEM WELEGA",797197,2005
"OROMIYA","NORTH SHEWA",1470527,2005
"OROMIYA","SOUTH WEST SHEWA",1113702,2005
"OROMIYA","WEST ARSI",1946856,2005
"OROMIYA","WEST HARARGE",1873194,2005
"OROMIYA","WEST SHEWA",2076756,2005
"OROMIYA","WEST WELLEGA",1353944,2005
"SUMAL?","AFDER",553552,2005
"SUMAL?","DEGEHABUR",467704,2005
"SUMAL?","FIK",346619,2005
"SUMAL?","GODE",448196,2005
"SUMAL?","JIJIGA",975460,2005
"SUMAL?","KORAHE",318248,2005
"SUMAL?","LIBEN",552084,2005
"SUMAL?","SHINILE",458047,2005
"SUMAL?","WARDER",323339,2005
"TIGRAY","CENTRAL TIGRAY",1269061,2005
"TIGRAY","EASTERN TIGRAY",775307,2005
"TIGRAY","MEKELE SPECIAL",203173,2005
"TIGRAY","NORTH WESTERN TIGRAY",747380,2005
"TIGRAY","SOUTHERN TIGRAY",1032224,2005
"TIGRAY","WESTERN TIGRAY",349061,2005
"YEDEBUB BIH?ROCH BIH?RESEBOCH NA HIZBOCH","BENCH MAJI",624318,2005
"YEDEBUB BIH?ROCH BIH?RESEBOCH NA HIZBOCH","DAWURO",621223,2005
"YEDEBUB BIH?ROCH BIH?RESEBOCH NA HIZBOCH","GAMO GOFA",1594410,2005
"YEDEBUB BIH?ROCH BIH?RESEBOCH NA HIZBOCH","GEDEO",845910,2005
"YEDEBUB BIH?ROCH BIH?RESEBOCH NA HIZBOCH","GURAGE",1335107,2005
"YEDEBUB BIH?ROCH BIH?RESEBOCH NA HIZBOCH","HADIYA",1255681,2005
"YEDEBUB BIH?ROCH BIH?RESEBOCH NA HIZBOCH","HAWASSA CITY ADMINISTRATION-ZONE",251743,2005
"YEDEBUB BIH?ROCH BIH?RESEBOCH NA HIZBOCH","KEFFA",873830,2005
"YEDEBUB BIH?ROCH BIH?RESEBOCH NA HIZBOCH","KEMBATA TIMBARO",697970,2005
"YEDEBUB BIH?ROCH BIH?RESEBOCH NA HIZBOCH","SHEKA",198726,2005
"YEDEBUB BIH?ROCH BIH?RESEBOCH NA HIZBOCH","SIDAMA",2933506,2005
"YEDEBUB BIH?ROCH BIH?RESEBOCH NA HIZBOCH","SILTI",992286,2005
"YEDEBUB BIH?ROCH BIH?RESEBOCH NA HIZBOCH","SOUTH OMO",559563,2005
"YEDEBUB BIH?ROCH BIH?RESEBOCH NA HIZBOCH","WOLAYITA",1533341,2005
"YEDEBUB BIH?ROCH BIH?RESEBOCH NA HIZBOCH","YEM SPECIAL WEREDA",647914,2005
"YEDEBUB BIH?ROCH BIH?RESEBOCH NA HIZBOCH","YEM SPECIAL ZONE",65823,2005
"ADIS ABEBA","ADDIS KETEMA",270856,2006
"ADIS ABEBA","AKAKI KALITI",184832,2006
"ADIS ABEBA","ARADA",229058,2006
"ADIS ABEBA","BOLE",312375,2006
"ADIS ABEBA","GULELE",284021,2006
"ADIS ABEBA","KIRKOS",234595,2006
"ADIS ABEBA","KOLFE KERANIYO",431391,2006
"ADIS ABEBA","LIDETA",213972,2006
"ADIS ABEBA","NEFAS SILK-LAFTO",337013,2006
"ADIS ABEBA","YEKA",352007,2006
"AFAR","ZONE 1",422340,2006
"AFAR","ZONE 2",358649,2006
"AFAR","ZONE 3",204356,2006
"AFAR","ZONE 4",247473,2006
"AFAR","ZONE 5",200943,2006
"AMARA","ARGOBA SPECIAL ZONE",36703,2006
"AMARA","AWI-ZONE",1025925,2006
"AMARA","BAHIR DAR SPECIAL ZONE",222391,2006
"AMARA","EAST GOJJAM",2249161,2006
"AMARA","NORTH GONDAR",3035524,2006
"AMARA","NORTH SHEWA",1933126,2006
"AMARA","NORTH WELLO",1572814,2006
"AMARA","OROMIYA",483136,2006
"AMARA","SOUTH GONDAR",2155687,2006
"AMARA","SOUTH WELLO",2646820,2006
"AMARA","WAGHEMIRA",442208,2006
"AMARA","WEST GOJJAM",2211313,2006
"BINSHANGUL GUMUZ","ASOSSA",318157,2006
"BINSHANGUL GUMUZ","KEMASHI",198411,2006
"BINSHANGUL GUMUZ","METEKEL",282706,2006
"DIR? DAWA","DIR? DAWA",328183,2006
"DIR? DAWA","DIR? DAWA TOWN",26900,2006
"GAMB?LA HIZBOCH","AGNEWAK",101282,2006
"GAMB?LA HIZBOCH","MEZHENGER",98338,2006
"GAMB?LA HIZBOCH","NUWER",115463,2006
"HARERI HIZB","HARERI HIZB",190498,2006
"OROMIYA","ADAMA SPECIAL ZONE",228271,2006
"OROMIYA","ARSI",2738115,2006
"OROMIYA","BALE",1433970,2006
"OROMIYA","BORENA",988608,2006
"OROMIYA","BURAYU SPECIAL ZONE",65723,2006
"OROMIYA","EAST HARARGE",2816493,2006
"OROMIYA","EAST SHEWA",1406800,2006
"OROMIYA","EAST WELLEGA",1257657,2006
"OROMIYA","GUJI",1418758,2006
"OROMIYA","HORO GUDRU WELEGA",592655,2006
"OROMIYA","ILU ABA BORA",1311484,2006
"OROMIYA","JIMA SPECIAL ZONE",125952,2006
"OROMIYA","JIMMA",2529846,2006
"OROMIYA","KELEM WELEGA",824459,2006
"OROMIYA","NORTH SHEWA",1498989,2006
"OROMIYA","SOUTH WEST SHEWA",1144595,2006
"OROMIYA","WEST ARSI",2022083,2006
"OROMIYA","WEST HARARGE",1935815,2006
"OROMIYA","WEST SHEWA",2137295,2006
"OROMIYA","WEST WELLEGA",1396726,2006
"SUMAL?","AFDER",581263,2006
"SUMAL?","DEGEHABUR",489125,2006
"SUMAL?","FIK",359230,2006
"SUMAL?","GODE",471289,2006
"SUMAL?","JIJIGA",1004128,2006
"SUMAL?","KORAHE",325963,2006
"SUMAL?","LIBEN",564045,2006
"SUMAL?","SHINILE",472930,2006
"SUMAL?","WARDER",324992,2006
"TIGRAY","CENTRAL TIGRAY",1299450,2006
"TIGRAY","EASTERN TIGRAY",790705,2006
"TIGRAY","MEKELE SPECIAL",216863,2006
"TIGRAY","NORTH WESTERN TIGRAY",766975,2006
"TIGRAY","SOUTHERN TIGRAY",1053203,2006
"TIGRAY","WESTERN TIGRAY",364901,2006
"YEDEBUB BIH?ROCH BIH?RESEBOCH NA HIZBOCH","BENCH MAJI",660513,2006
"YEDEBUB BIH?ROCH BIH?RESEBOCH NA HIZBOCH","DAWURO",650825,2006
"YEDEBUB BIH?ROCH BIH?RESEBOCH NA HIZBOCH","GAMO GOFA",1647745,2006
"YEDEBUB BIH?ROCH BIH?RESEBOCH NA HIZBOCH","GEDEO",875405,2006
"YEDEBUB BIH?ROCH BIH?RESEBOCH NA HIZBOCH","GURAGE",1350009,2006
"YEDEBUB BIH?ROCH BIH?RESEBOCH NA HIZBOCH","HADIYA",1284922,2006
"YEDEBUB BIH?ROCH BIH?RESEBOCH NA HIZBOCH","HAWASSA CITY ADMINISTRATION-ZONE",264080,2006
"YEDEBUB BIH?ROCH BIH?RESEBOCH NA HIZBOCH","KEFFA",903930,2006
"YEDEBUB BIH?ROCH BIH?RESEBOCH NA HIZBOCH","KEMBATA TIMBARO",712305,2006
"YEDEBUB BIH?ROCH BIH?RESEBOCH NA HIZBOCH","SHEKA",205776,2006
"YEDEBUB BIH?ROCH BIH?RESEBOCH NA HIZBOCH","SIDAMA",3043989,2006
"YEDEBUB BIH?ROCH BIH?RESEBOCH NA HIZBOCH","SILTI",1020675,2006
"YEDEBUB BIH?ROCH BIH?RESEBOCH NA HIZBOCH","SOUTH OMO",586000,2006
"YEDEBUB BIH?ROCH BIH?RESEBOCH NA HIZBOCH","WOLAYITA",1567789,2006
"YEDEBUB BIH?ROCH BIH?RESEBOCH NA HIZBOCH","YEM SPECIAL WEREDA",678181,2006
"YEDEBUB BIH?ROCH BIH?RESEBOCH NA HIZBOCH","YEM SPECIAL ZONE",65665,2006
"ADIS ABEBA","ADDIS KETEMA",272263,2007
"ADIS ABEBA","AKAKI KALITI",194013,2007
"ADIS ABEBA","ARADA",225031,2007
"ADIS ABEBA","BOLE",330994,2007
"ADIS ABEBA","GULELE",285306,2007
"ADIS ABEBA","KIRKOS",235873,2007
"ADIS ABEBA","KOLFE KERANIYO",459662,2007
"ADIS ABEBA","LIDETA",215053,2007
"ADIS ABEBA","NEFAS SILK-LAFTO",337047,2007
"ADIS ABEBA","YEKA",371182,2007
"AFAR","ZONE 1",431754,2007
"AFAR","ZONE 2",382132,2007
"AFAR","ZONE 3",212554,2007
"AFAR","ZONE 4",264611,2007
"AFAR","ZONE 5",195370,2007
"AMARA","ARGOBA SPECIAL ZONE",37353,2007
"AMARA","AWI-ZONE",1049613,2007
"AMARA","BAHIR DAR SPECIAL ZONE",238009,2007
"AMARA","EAST GOJJAM",2299941,2007
"AMARA","NORTH GONDAR",3130633,2007
"AMARA","NORTH SHEWA",1960601,2007
"AMARA","NORTH WELLO",1601382,2007
"AMARA","OROMIYA",487718,2007
"AMARA","SOUTH GONDAR",2189489,2007
"AMARA","SOUTH WELLO",2687956,2007
"AMARA","WAGHEMIRA",455398,2007
"AMARA","WEST GOJJAM",2248282,2007
"BINSHANGUL GUMUZ","ASOSSA",332548,2007
"BINSHANGUL GUMUZ","KEMASHI",210622,2007
"BINSHANGUL GUMUZ","METEKEL",295705,2007
"DIR? DAWA","DIR? DAWA",335324,2007
"DIR? DAWA","DIR? DAWA TOWN",29878,2007
"GAMB?LA HIZBOCH","AGNEWAK",105700,2007
"GAMB?LA HIZBOCH","MEZHENGER",101451,2007
"GAMB?LA HIZBOCH","NUWER",121340,2007
"HARERI HIZB","HARERI HIZB",195954,2007
"OROMIYA","ADAMA SPECIAL ZONE",235309,2007
"OROMIYA","ARSI",2818088,2007
"OROMIYA","BALE",1500708,2007
"OROMIYA","BORENA",1029412,2007
"OROMIYA","BURAYU SPECIAL ZONE",68320,2007
"OROMIYA","EAST HARARGE",2911337,2007
"OROMIYA","EAST SHEWA",1449238,2007
"OROMIYA","EAST WELLEGA",1297398,2007
"OROMIYA","GUJI",1487321,2007
"OROMIYA","HORO GUDRU WELEGA",608941,2007
"OROMIYA","ILU ABA BORA",1359490,2007
"OROMIYA","JIMA SPECIAL ZONE",129194,2007
"OROMIYA","JIMMA",2589255,2007
"OROMIYA","KELEM WELEGA",852596,2007
"OROMIYA","NORTH SHEWA",1527889,2007
"OROMIYA","SOUTH WEST SHEWA",1176293,2007
"OROMIYA","WEST ARSI",2100101,2007
"OROMIYA","WEST HARARGE",2000479,2007
"OROMIYA","WEST SHEWA",2199475,2007
"OROMIYA","WEST WELLEGA",1443436,2007
"SUMAL?","AFDER",610832,2007
"SUMAL?","DEGEHABUR",511626,2007
"SUMAL?","FIK",372509,2007
"SUMAL?","GODE",497172,2007
"SUMAL?","JIJIGA",1033896,2007
"SUMAL?","KORAHE",333973,2007
"SUMAL?","LIBEN",576381,2007
"SUMAL?","SHINILE",488517,2007
"SUMAL?","WARDER",326774,2007
"TIGRAY","CENTRAL TIGRAY",1330411,2007
"TIGRAY","EASTERN TIGRAY",806351,2007
"TIGRAY","MEKELE SPECIAL",231434,2007
"TIGRAY","NORTH WESTERN TIGRAY",786993,2007
"TIGRAY","SOUTHERN TIGRAY",1074510,2007
"TIGRAY","WESTERN TIGRAY",381536,2007
"YEDEBUB BIH?ROCH BIH?RESEBOCH NA HIZBOCH","BENCH MAJI",698902,2007
"YEDEBUB BIH?ROCH BIH?RESEBOCH NA HIZBOCH","DAWURO",681771,2007
"YEDEBUB BIH?ROCH BIH?RESEBOCH NA HIZBOCH","GAMO GOFA",1702702,2007
"YEDEBUB BIH?ROCH BIH?RESEBOCH NA HIZBOCH","GEDEO",905843,2007
"YEDEBUB BIH?ROCH BIH?RESEBOCH NA HIZBOCH","GURAGE",1364993,2007
"YEDEBUB BIH?ROCH BIH?RESEBOCH NA HIZBOCH","HADIYA",1314718,2007
"YEDEBUB BIH?ROCH BIH?RESEBOCH NA HIZBOCH","HAWASSA CITY ADMINISTRATION-ZONE",276984,2007
"YEDEBUB BIH?ROCH BIH?RESEBOCH NA HIZBOCH","KEFFA",934960,2007
"YEDEBUB BIH?ROCH BIH?RESEBOCH NA HIZBOCH","KEMBATA TIMBARO",726847,2007
"YEDEBUB BIH?ROCH BIH?RESEBOCH NA HIZBOCH","SHEKA",213064,2007
"YEDEBUB BIH?ROCH BIH?RESEBOCH NA HIZBOCH","SIDAMA",3158518,2007
"YEDEBUB BIH?ROCH BIH?RESEBOCH NA HIZBOCH","SILTI",1049900,2007
"YEDEBUB BIH?ROCH BIH?RESEBOCH NA HIZBOCH","SOUTH OMO",613605,2007
"YEDEBUB BIH?ROCH BIH?RESEBOCH NA HIZBOCH","WOLAYITA",1602824,2007
"YEDEBUB BIH?ROCH BIH?RESEBOCH NA HIZBOCH","YEM SPECIAL WEREDA",709907,2007
"YEDEBUB BIH?ROCH BIH?RESEBOCH NA HIZBOCH","YEM SPECIAL ZONE",65492,2007
"ADIS ABEBA","ADDIS KETEMA",273589,2008
"ADIS ABEBA","AKAKI KALITI",203582,2008
"ADIS ABEBA","ARADA",220994,2008
"ADIS ABEBA","BOLE",350614,2008
"ADIS ABEBA","GULELE",286507,2008
"ADIS ABEBA","KIRKOS",237072,2008
"ADIS ABEBA","KOLFE KERANIYO",489621,2008
"ADIS ABEBA","LIDETA",216067,2008
"ADIS ABEBA","NEFAS SILK-LAFTO",336969,2008
"ADIS ABEBA","YEKA",391274,2008
"AFAR","ZONE 1",441310,2008
"AFAR","ZONE 2",407359,2008
"AFAR","ZONE 3",221182,2008
"AFAR","ZONE 4",283100,2008
"AFAR","ZONE 5",189914,2008
"AMARA","ARGOBA SPECIAL ZONE",38005,2008
"AMARA","AWI-ZONE",1073564,2008
"AMARA","BAHIR DAR SPECIAL ZONE",254641,2008
"AMARA","EAST GOJJAM",2351195,2008
"AMARA","NORTH GONDAR",3228656,2008
"AMARA","NORTH SHEWA",1987967,2008
"AMARA","NORTH WELLO",1630077,2008
"AMARA","OROMIYA",492183,2008
"AMARA","SOUTH GONDAR",2223342,2008
"AMARA","SOUTH WELLO",2729311,2008
"AMARA","WAGHEMIRA",468831,2008
"AMARA","WEST GOJJAM",2286477,2008
"BINSHANGUL GUMUZ","ASOSSA",347562,2008
"BINSHANGUL GUMUZ","KEMASHI",223748,2008
"BINSHANGUL GUMUZ","METEKEL",309241,2008
"DIR? DAWA","DIR? DAWA",342512,2008
"DIR? DAWA","DIR? DAWA TOWN",33170,2008
"GAMB?LA HIZBOCH","AGNEWAK",110317,2008
"GAMB?LA HIZBOCH","MEZHENGER",104623,2008
"GAMB?LA HIZBOCH","NUWER",127506,2008
"HARERI HIZB","HARERI HIZB",201492,2008
"OROMIYA","ADAMA SPECIAL ZONE",242486,2008
"OROMIYA","ARSI",2899503,2008
"OROMIYA","BALE",1570585,2008
"OROMIYA","BORENA",1071854,2008
"OROMIYA","BURAYU SPECIAL ZONE",70996,2008
"OROMIYA","EAST HARARGE",3009877,2008
"OROMIYA","EAST SHEWA",1492538,2008
"OROMIYA","EAST WELLEGA",1338039,2008
"OROMIYA","GUJI",1558836,2008
"OROMIYA","HORO GUDRU WELEGA",625524,2008
"OROMIYA","ILU ABA BORA",1409642,2008
"OROMIYA","JIMA SPECIAL ZONE",132477,2008
"OROMIYA","JIMMA",2649530,2008
"OROMIYA","KELEM WELEGA",881480,2008
"OROMIYA","NORTH SHEWA",1556882,2008
"OROMIYA","SOUTH WEST SHEWA",1208629,2008
"OROMIYA","WEST ARSI",2180589,2008
"OROMIYA","WEST HARARGE",2066848,2008
"OROMIYA","WEST SHEWA",2262920,2008
"OROMIYA","WEST WELLEGA",1494455,2008
"SUMAL?","AFDER",642267,2008
"SUMAL?","DEGEHABUR",535139,2008
"SUMAL?","FIK",386454,2008
"SUMAL?","GODE",526053,2008
"SUMAL?","JIJIGA",1064608,2008
"SUMAL?","KORAHE",342216,2008
"SUMAL?","LIBEN",588997,2008
"SUMAL?","SHINILE",504743,2008
"SUMAL?","WARDER",328621,2008
"TIGRAY","CENTRAL TIGRAY",1361693,2008
"TIGRAY","EASTERN TIGRAY",822082,2008
"TIGRAY","MEKELE SPECIAL",246906,2008
"TIGRAY","NORTH WESTERN TIGRAY",807276,2008
"TIGRAY","SOUTHERN TIGRAY",1095950,2008
"TIGRAY","WESTERN TIGRAY",398914,2008
"YEDEBUB BIH?ROCH BIH?RESEBOCH NA HIZBOCH","BENCH MAJI",739516,2008
"YEDEBUB BIH?ROCH BIH?RESEBOCH NA HIZBOCH","DAWURO",713966,2008
"YEDEBUB BIH?ROCH BIH?RESEBOCH NA HIZBOCH","GAMO GOFA",1758978,2008
"YEDEBUB BIH?ROCH BIH?RESEBOCH NA HIZBOCH","GEDEO",937081,2008
"YEDEBUB BIH?ROCH BIH?RESEBOCH NA HIZBOCH","GURAGE",1379766,2008
"YEDEBUB BIH?ROCH BIH?RESEBOCH NA HIZBOCH","HADIYA",1344855,2008
"YEDEBUB BIH?ROCH BIH?RESEBOCH NA HIZBOCH","HAWASSA CITY ADMINISTRATION-ZONE",290422,2008
"YEDEBUB BIH?ROCH BIH?RESEBOCH NA HIZBOCH","KEFFA",966789,2008
"YEDEBUB BIH?ROCH BIH?RESEBOCH NA HIZBOCH","KEMBATA TIMBARO",741486,2008
"YEDEBUB BIH?ROCH BIH?RESEBOCH NA HIZBOCH","SHEKA",220561,2008
"YEDEBUB BIH?ROCH BIH?RESEBOCH NA HIZBOCH","SIDAMA",3276642,2008
"YEDEBUB BIH?ROCH BIH?RESEBOCH NA HIZBOCH","SILTI",1079726,2008
"YEDEBUB BIH?ROCH BIH?RESEBOCH NA HIZBOCH","SOUTH OMO",642318,2008
"YEDEBUB BIH?ROCH BIH?RESEBOCH NA HIZBOCH","WOLAYITA",1638152,2008
"YEDEBUB BIH?ROCH BIH?RESEBOCH NA HIZBOCH","YEM SPECIAL WEREDA",743017,2008
"YEDEBUB BIH?ROCH BIH?RESEBOCH NA HIZBOCH","YEM SPECIAL ZONE",65303,2008
"ADIS ABEBA","ADDIS KETEMA",274838,2009
"ADIS ABEBA","AKAKI KALITI",213558,2009
"ADIS ABEBA","ARADA",216969,2009
"ADIS ABEBA","BOLE",371268,2009
"ADIS ABEBA","GULELE",287621,2009
"ADIS ABEBA","KIRKOS",238205,2009
"ADIS ABEBA","KOLFE KERANIYO",521370,2009
"ADIS ABEBA","LIDETA",217019,2009
"ADIS ABEBA","NEFAS SILK-LAFTO",336792,2009
"ADIS ABEBA","YEKA",412324,2009
"AFAR","ZONE 1",451005,2009
"AFAR","ZONE 2",434483,2009
"AFAR","ZONE 3",230251,2009
"AFAR","ZONE 4",303022,2009
"AFAR","ZONE 5",184565,2009
"AMARA","ARGOBA SPECIAL ZONE",38663,2009
"AMARA","AWI-ZONE",1097773,2009
"AMARA","BAHIR DAR SPECIAL ZONE",272355,2009
"AMARA","EAST GOJJAM",2402894,2009
"AMARA","NORTH GONDAR",3329735,2009
"AMARA","NORTH SHEWA",2015238,2009
"AMARA","NORTH WELLO",1658945,2009
"AMARA","OROMIYA",496584,2009
"AMARA","SOUTH GONDAR",2257273,2009
"AMARA","SOUTH WELLO",2770959,2009
"AMARA","WAGHEMIRA",482534,2009
"AMARA","WEST GOJJAM",2325987,2009
"BINSHANGUL GUMUZ","ASOSSA",363248,2009
"BINSHANGUL GUMUZ","KEMASHI",237859,2009
"BINSHANGUL GUMUZ","METEKEL",323329,2009
"DIR? DAWA","DIR? DAWA",349744,2009
"DIR? DAWA","DIR? DAWA TOWN",36814,2009
"GAMB?LA HIZBOCH","AGNEWAK",115154,2009
"GAMB?LA HIZBOCH","MEZHENGER",107866,2009
"GAMB?LA HIZBOCH","NUWER",133967,2009
"HARERI HIZB","HARERI HIZB",207130,2009
"OROMIYA","ADAMA SPECIAL ZONE",249802,2009
"OROMIYA","ARSI",2982429,2009
"OROMIYA","BALE",1643819,2009
"OROMIYA","BORENA",1115998,2009
"OROMIYA","BURAYU SPECIAL ZONE",73758,2009
"OROMIYA","EAST HARARGE",3112344,2009
"OROMIYA","EAST SHEWA",1536709,2009
"OROMIYA","EAST WELLEGA",1379572,2009
"OROMIYA","GUJI",1633453,2009
"OROMIYA","HORO GUDRU WELEGA",642384,2009
"OROMIYA","ILU ABA BORA",1462113,2009
"OROMIYA","JIMA SPECIAL ZONE",135808,2009
"OROMIYA","JIMMA",2710705,2009
"OROMIYA","KELEM WELEGA",911159,2009
"OROMIYA","NORTH SHEWA",1586005,2009
"OROMIYA","SOUTH WEST SHEWA",1241548,2009
"OROMIYA","WEST ARSI",2263649,2009
"OROMIYA","WEST HARARGE",2135018,2009
"OROMIYA","WEST SHEWA",2327646,2009
"OROMIYA","WEST WELLEGA",1550486,2009
"SUMAL?","AFDER",675755,2009
"SUMAL?","DEGEHABUR",559736,2009
"SUMAL?","FIK",401107,2009
"SUMAL?","GODE",558243,2009
"SUMAL?","JIJIGA",1096326,2009
"SUMAL?","KORAHE",350700,2009
"SUMAL?","LIBEN",601886,2009
"SUMAL?","SHINILE",521641,2009
"SUMAL?","WARDER",330532,2009
"TIGRAY","CENTRAL TIGRAY",1393292,2009
"TIGRAY","EASTERN TIGRAY",837924,2009
"TIGRAY","MEKELE SPECIAL",263336,2009
"TIGRAY","NORTH WESTERN TIGRAY",827848,2009
"TIGRAY","SOUTHERN TIGRAY",1117535,2009
"TIGRAY","WESTERN TIGRAY",417083,2009
"YEDEBUB BIH?ROCH BIH?RESEBOCH NA HIZBOCH","BENCH MAJI",782467,2009
"YEDEBUB BIH?ROCH BIH?RESEBOCH NA HIZBOCH","DAWURO",747457,2009
"YEDEBUB BIH?ROCH BIH?RESEBOCH NA HIZBOCH","GAMO GOFA",1816652,2009
"YEDEBUB BIH?ROCH BIH?RESEBOCH NA HIZBOCH","GEDEO",969168,2009
"YEDEBUB BIH?ROCH BIH?RESEBOCH NA HIZBOCH","GURAGE",1394335,2009
"YEDEBUB BIH?ROCH BIH?RESEBOCH NA HIZBOCH","HADIYA",1375326,2009
"YEDEBUB BIH?ROCH BIH?RESEBOCH NA HIZBOCH","HAWASSA CITY ADMINISTRATION-ZONE",304413,2009
"YEDEBUB BIH?ROCH BIH?RESEBOCH NA HIZBOCH","KEFFA",999412,2009
"YEDEBUB BIH?ROCH BIH?RESEBOCH NA HIZBOCH","KEMBATA TIMBARO",756198,2009
"YEDEBUB BIH?ROCH BIH?RESEBOCH NA HIZBOCH","SHEKA",228253,2009
"YEDEBUB BIH?ROCH BIH?RESEBOCH NA HIZBOCH","SIDAMA",3398472,2009
"YEDEBUB BIH?ROCH BIH?RESEBOCH NA HIZBOCH","SILTI",1110203,2009
"YEDEBUB BIH?ROCH BIH?RESEBOCH NA HIZBOCH","SOUTH OMO",672176,2009
"YEDEBUB BIH?ROCH BIH?RESEBOCH NA HIZBOCH","WOLAYITA",1673784,2009
"YEDEBUB BIH?ROCH BIH?RESEBOCH NA HIZBOCH","YEM SPECIAL WEREDA",777600,2009
"YEDEBUB BIH?ROCH BIH?RESEBOCH NA HIZBOCH","YEM SPECIAL ZONE",65095,2009
"ADIS ABEBA","ADDIS KETEMA",276013,2010
"ADIS ABEBA","AKAKI KALITI",223962,2010
"ADIS ABEBA","ARADA",212952,2010
"ADIS ABEBA","BOLE",393037,2010
"ADIS ABEBA","GULELE",288657,2010
"ADIS ABEBA","KIRKOS",239277,2010
"ADIS ABEBA","KOLFE KERANIYO",555010,2010
"ADIS ABEBA","LIDETA",217911,2010
"ADIS ABEBA","NEFAS SILK-LAFTO",336512,2010
"ADIS ABEBA","YEKA",434382,2010
"AFAR","ZONE 1",460876,2010
"AFAR","ZONE 2",463622,2010
"AFAR","ZONE 3",239810,2010
"AFAR","ZONE 4",324533,2010
"AFAR","ZONE 5",179341,2010
"AMARA","ARGOBA SPECIAL ZONE",39319,2010
"AMARA","AWI-ZONE",1122247,2010
"AMARA","BAHIR DAR SPECIAL ZONE",291211,2010
"AMARA","EAST GOJJAM",2455124,2010
"AMARA","NORTH GONDAR",3434023,2010
"AMARA","NORTH SHEWA",2042433,2010
"AMARA","NORTH WELLO",1687954,2010
"AMARA","OROMIYA",500879,2010
"AMARA","SOUTH GONDAR",2291310,2010
"AMARA","SOUTH WELLO",2812980,2010
"AMARA","WAGHEMIRA",496510,2010
"AMARA","WEST GOJJAM",2366917,2010
"BINSHANGUL GUMUZ","ASOSSA",379641,2010
"BINSHANGUL GUMUZ","KEMASHI",253062,2010
"BINSHANGUL GUMUZ","METEKEL",338002,2010
"DIR? DAWA","DIR? DAWA",357030,2010
"DIR? DAWA","DIR? DAWA TOWN",40848,2010
"GAMB?LA HIZBOCH","AGNEWAK",120223,2010
"GAMB?LA HIZBOCH","MEZHENGER",111182,2010
"GAMB?LA HIZBOCH","NUWER",140754,2010
"HARERI HIZB","HARERI HIZB",212858,2010
"OROMIYA","ADAMA SPECIAL ZONE",257264,2010
"OROMIYA","ARSI",3066889,2010
"OROMIYA","BALE",1720607,2010
"OROMIYA","BORENA",1161907,2010
"OROMIYA","BURAYU SPECIAL ZONE",76599,2010
"OROMIYA","EAST HARARGE",3219087,2010
"OROMIYA","EAST SHEWA",1581816,2010
"OROMIYA","EAST WELLEGA",1422030,2010
"OROMIYA","GUJI",1711288,2010
"OROMIYA","HORO GUDRU WELEGA",659525,2010
"OROMIYA","ILU ABA BORA",1517153,2010
"OROMIYA","JIMA SPECIAL ZONE",139182,2010
"OROMIYA","JIMMA",2772833,2010
"OROMIYA","KELEM WELEGA",941634,2010
"OROMIYA","NORTH SHEWA",1615235,2010
"OROMIYA","SOUTH WEST SHEWA",1275143,2010
"OROMIYA","WEST ARSI",2349370,2010
"OROMIYA","WEST HARARGE",2205038,2010
"OROMIYA","WEST SHEWA",2393717,2010
"OROMIYA","WEST WELLEGA",1612460,2010
"SUMAL?","AFDER",711440,2010
"SUMAL?","DEGEHABUR",585457,2010
"SUMAL?","FIK",416535,2010
"SUMAL?","GODE",594133,2010
"SUMAL?","JIJIGA",1129081,2010
"SUMAL?","KORAHE",359446,2010
"SUMAL?","LIBEN",615073,2010
"SUMAL?","SHINILE",539219,2010
"SUMAL?","WARDER",332518,2010
"TIGRAY","CENTRAL TIGRAY",1425227,2010
"TIGRAY","EASTERN TIGRAY",853855,2010
"TIGRAY","MEKELE SPECIAL",280772,2010
"TIGRAY","NORTH WESTERN TIGRAY",848689,2010
"TIGRAY","SOUTHERN TIGRAY",1139249,2010
"TIGRAY","WESTERN TIGRAY",436085,2010
"YEDEBUB BIH?ROCH BIH?RESEBOCH NA HIZBOCH","BENCH MAJI",827900,2010
"YEDEBUB BIH?ROCH BIH?RESEBOCH NA HIZBOCH","DAWURO",782288,2010
"YEDEBUB BIH?ROCH BIH?RESEBOCH NA HIZBOCH","GAMO GOFA",1875719,2010
"YEDEBUB BIH?ROCH BIH?RESEBOCH NA HIZBOCH","GEDEO",1002093,2010
"YEDEBUB BIH?ROCH BIH?RESEBOCH NA HIZBOCH","GURAGE",1408706,2010
"YEDEBUB BIH?ROCH BIH?RESEBOCH NA HIZBOCH","HADIYA",1406151,2010
"YEDEBUB BIH?ROCH BIH?RESEBOCH NA HIZBOCH","HAWASSA CITY ADMINISTRATION-ZONE",318989,2010
"YEDEBUB BIH?ROCH BIH?RESEBOCH NA HIZBOCH","KEFFA",1032858,2010
"YEDEBUB BIH?ROCH BIH?RESEBOCH NA HIZBOCH","KEMBATA TIMBARO",771017,2010
"YEDEBUB BIH?ROCH BIH?RESEBOCH NA HIZBOCH","SHEKA",236163,2010
"YEDEBUB BIH?ROCH BIH?RESEBOCH NA HIZBOCH","SIDAMA",3524146,2010
"YEDEBUB BIH?ROCH BIH?RESEBOCH NA HIZBOCH","SILTI",1141358,2010
"YEDEBUB BIH?ROCH BIH?RESEBOCH NA HIZBOCH","SOUTH OMO",703240,2010
"YEDEBUB BIH?ROCH BIH?RESEBOCH NA HIZBOCH","WOLAYITA",1709724,2010
"YEDEBUB BIH?ROCH BIH?RESEBOCH NA HIZBOCH","YEM SPECIAL WEREDA",813703,2010
"YEDEBUB BIH?ROCH BIH?RESEBOCH NA HIZBOCH","YEM SPECIAL ZONE",64866,2010
"ADIS ABEBA","ADDIS KETEMA",277003,2011
"ADIS ABEBA","AKAKI KALITI",234704,2011
"ADIS ABEBA","ARADA",208862,2011
"ADIS ABEBA","BOLE",415782,2011
"ADIS ABEBA","GULELE",289498,2011
"ADIS ABEBA","KIRKOS",240188,2011
"ADIS ABEBA","KOLFE KERANIYO",590413,2011
"ADIS ABEBA","LIDETA",218660,2011
"ADIS ABEBA","NEFAS SILK-LAFTO",336000,2011
"ADIS ABEBA","YEKA",457299,2011
"AFAR","ZONE 1",470703,2011
"AFAR","ZONE 2",494776,2011
"AFAR","ZONE 3",249791,2011
"AFAR","ZONE 4",347636,2011
"AFAR","ZONE 5",174154,2011
"AMARA","ARGOBA SPECIAL ZONE",39952,2011
"AMARA","AWI-ZONE",1146541,2011
"AMARA","BAHIR DAR SPECIAL ZONE",311159,2011
"AMARA","EAST GOJJAM",2506830,2011
"AMARA","NORTH GONDAR",3540250,2011
"AMARA","NORTH SHEWA",2068734,2011
"AMARA","NORTH WELLO",1716465,2011
"AMARA","OROMIYA",504890,2011
"AMARA","SOUTH GONDAR",2324564,2011
"AMARA","SOUTH WELLO",2854204,2011
"AMARA","WAGHEMIRA",510555,2011
"AMARA","WEST GOJJAM",2408399,2011
"BINSHANGUL GUMUZ","ASOSSA",396594,2011
"BINSHANGUL GUMUZ","KEMASHI",269324,2011
"BINSHANGUL GUMUZ","METEKEL",353138,2011
"DIR? DAWA","DIR? DAWA",364215,2011
"DIR? DAWA","DIR? DAWA TOWN",45289,2011
"GAMB?LA HIZBOCH","AGNEWAK",125481,2011
"GAMB?LA HIZBOCH","MEZHENGER",114519,2011
"GAMB?LA HIZBOCH","NUWER",147813,2011
"HARERI HIZB","HARERI HIZB",218598,2011
"OROMIYA","ADAMA SPECIAL ZONE",264768,2011
"OROMIYA","ARSI",3151668,2011
"OROMIYA","BALE",1800425,2011
"OROMIYA","BORENA",1209183,2011
"OROMIYA","BURAYU SPECIAL ZONE",79503,2011
"OROMIYA","EAST HARARGE",3329113,2011
"OROMIYA","EAST SHEWA",1627185,2011
"OROMIYA","EAST WELLEGA",1464884,2011
"OROMIYA","GUJI",1791773,2011
"OROMIYA","HORO GUDRU WELEGA",676715,2011
"OROMIYA","ILU ABA BORA",1574362,2011
"OROMIYA","JIMA SPECIAL ZONE",142539,2011
"OROMIYA","JIMMA",2834776,2011
"OROMIYA","KELEM WELEGA",972554,2011
"OROMIYA","NORTH SHEWA",1643977,2011
"OROMIYA","SOUTH WEST SHEWA",1308887,2011
"OROMIYA","WEST ARSI",2436883,2011
"OROMIYA","WEST HARARGE",2276043,2011
"OROMIYA","WEST SHEWA",2460175,2011
"OROMIYA","WEST WELLEGA",1680697,2011
"SUMAL?","AFDER",749193,2011
"SUMAL?","DEGEHABUR",612117,2011
"SUMAL?","FIK",432625,2011
"SUMAL?","GODE",633842,2011
"SUMAL?","JIJIGA",1162463,2011
"SUMAL?","KORAHE",368322,2011
"SUMAL?","LIBEN",628313,2011
"SUMAL?","SHINILE",557338,2011
"SUMAL?","WARDER",334438,2011
"TIGRAY","CENTRAL TIGRAY",1456909,2011
"TIGRAY","EASTERN TIGRAY",869564,2011
"TIGRAY","MEKELE SPECIAL",299159,2011
"TIGRAY","NORTH WESTERN TIGRAY",869479,2011
"TIGRAY","SOUTHERN TIGRAY",1160680,2011
"TIGRAY","WESTERN TIGRAY",455777,2011
"YEDEBUB BIH?ROCH BIH?RESEBOCH NA HIZBOCH","BENCH MAJI",875618,2011
"YEDEBUB BIH?ROCH BIH?RESEBOCH NA HIZBOCH","DAWURO",818204,2011
"YEDEBUB BIH?ROCH BIH?RESEBOCH NA HIZBOCH","GAMO GOFA",1935473,2011
"YEDEBUB BIH?ROCH BIH?RESEBOCH NA HIZBOCH","GEDEO",1035475,2011
"YEDEBUB BIH?ROCH BIH?RESEBOCH NA HIZBOCH","GURAGE",1422306,2011
"YEDEBUB BIH?ROCH BIH?RESEBOCH NA HIZBOCH","HADIYA",1436743,2011
"YEDEBUB BIH?ROCH BIH?RESEBOCH NA HIZBOCH","HAWASSA CITY ADMINISTRATION-ZONE",334038,2011
"YEDEBUB BIH?ROCH BIH?RESEBOCH NA HIZBOCH","KEFFA",1066741,2011
"YEDEBUB BIH?ROCH BIH?RESEBOCH NA HIZBOCH","KEMBATA TIMBARO",785604,2011
"YEDEBUB BIH?ROCH BIH?RESEBOCH NA HIZBOCH","SHEKA",244201,2011
"YEDEBUB BIH?ROCH BIH?RESEBOCH NA HIZBOCH","SIDAMA",3652333,2011
"YEDEBUB BIH?ROCH BIH?RESEBOCH NA HIZBOCH","SILTI",1172718,2011
"YEDEBUB BIH?ROCH BIH?RESEBOCH NA HIZBOCH","SOUTH OMO",735225,2011
"YEDEBUB BIH?ROCH BIH?RESEBOCH NA HIZBOCH","WOLAYITA",1745268,2011
"YEDEBUB BIH?ROCH BIH?RESEBOCH NA HIZBOCH","YEM SPECIAL WEREDA",851072,2011
"YEDEBUB BIH?ROCH BIH?RESEBOCH NA HIZBOCH","YEM SPECIAL ZONE",64594,2011
"ADIS ABEBA","ADDIS KETEMA",277828,2012
"ADIS ABEBA","AKAKI KALITI",245817,2012
"ADIS ABEBA","ARADA",204736,2012
"ADIS ABEBA","BOLE",439588,2012
"ADIS ABEBA","GULELE",290173,2012
"ADIS ABEBA","KIRKOS",240957,2012
"ADIS ABEBA","KOLFE KERANIYO",627688,2012
"ADIS ABEBA","LIDETA",219274,2012
"ADIS ABEBA","NEFAS SILK-LAFTO",335292,2012
"ADIS ABEBA","YEKA",481143,2012
"AFAR","ZONE 1",480543,2012
"AFAR","ZONE 2",528101,2012
"AFAR","ZONE 3",260220,2012
"AFAR","ZONE 4",372473,2012
"AFAR","ZONE 5",169038,2012
"AMARA","ARGOBA SPECIAL ZONE",40575,2012
"AMARA","AWI-ZONE",1170725,2012
"AMARA","BAHIR DAR SPECIAL ZONE",332275,2012
"AMARA","EAST GOJJAM",2558212,2012
"AMARA","NORTH GONDAR",3648721,2012
"AMARA","NORTH SHEWA",2094299,2012
"AMARA","NORTH WELLO",1744578,2012
"AMARA","OROMIYA",508643,2012
"AMARA","SOUTH GONDAR",2357212,2012
"AMARA","SOUTH WELLO",2894842,2012
"AMARA","WAGHEMIRA",524685,2012
"AMARA","WEST GOJJAM",2450702,2012
"BINSHANGUL GUMUZ","ASOSSA",414191,2012
"BINSHANGUL GUMUZ","KEMASHI",286738,2012
"BINSHANGUL GUMUZ","METEKEL",368780,2012
"DIR? DAWA","DIR? DAWA",371322,2012
"DIR? DAWA","DIR? DAWA TOWN",50185,2012
"GAMB?LA HIZBOCH","AGNEWAK",130962,2012
"GAMB?LA HIZBOCH","MEZHENGER",117885,2012
"GAMB?LA HIZBOCH","NUWER",155164,2012
"HARERI HIZB","HARERI HIZB",224361,2012
"OROMIYA","ADAMA SPECIAL ZONE",272329,2012
"OROMIYA","ARSI",3236907,2012
"OROMIYA","BALE",1883536,2012
"OROMIYA","BORENA",1257897,2012
"OROMIYA","BURAYU SPECIAL ZONE",82463,2012
"OROMIYA","EAST HARARGE",3442934,2012
"OROMIYA","EAST SHEWA",1672944,2012
"OROMIYA","EAST WELLEGA",1508199,2012
"OROMIYA","GUJI",1875124,2012
"OROMIYA","HORO GUDRU WELEGA",693967,2012
"OROMIYA","ILU ABA BORA",1634072,2012
"OROMIYA","JIMA SPECIAL ZONE",145889,2012
"OROMIYA","JIMMA",2896681,2012
"OROMIYA","KELEM WELEGA",1003961,2012
"OROMIYA","NORTH SHEWA",1672284,2012
"OROMIYA","SOUTH WEST SHEWA",1342889,2012
"OROMIYA","WEST ARSI",2526361,2012
"OROMIYA","WEST HARARGE",2348205,2012
"OROMIYA","WEST SHEWA",2527136,2012
"OROMIYA","WEST WELLEGA",1756469,2012
"SUMAL?","AFDER",789249,2012
"SUMAL?","DEGEHABUR",639814,2012
"SUMAL?","FIK",449473,2012
"SUMAL?","GODE",677829,2012
"SUMAL?","JIJIGA",1196575,2012
"SUMAL?","KORAHE",377350,2012
"SUMAL?","LIBEN",641653,2012
"SUMAL?","SHINILE",576036,2012
"SUMAL?","WARDER",336342,2012
"TIGRAY","CENTRAL TIGRAY",1488418,2012
"TIGRAY","EASTERN TIGRAY",885074,2012
"TIGRAY","MEKELE SPECIAL",318559,2012
"TIGRAY","NORTH WESTERN TIGRAY",890256,2012
"TIGRAY","SOUTHERN TIGRAY",1181845,2012
"TIGRAY","WESTERN TIGRAY",476225,2012
"YEDEBUB BIH?ROCH BIH?RESEBOCH NA HIZBOCH","BENCH MAJI",925803,2012
"YEDEBUB BIH?ROCH BIH?RESEBOCH NA HIZBOCH","DAWURO",855265,2012
"YEDEBUB BIH?ROCH BIH?RESEBOCH NA HIZBOCH","GAMO GOFA",1996041,2012
"YEDEBUB BIH?ROCH BIH?RESEBOCH NA HIZBOCH","GEDEO",1069405,2012
"YEDEBUB BIH?ROCH BIH?RESEBOCH NA HIZBOCH","GURAGE",1435275,2012
"YEDEBUB BIH?ROCH BIH?RESEBOCH NA HIZBOCH","HADIYA",1467206,2012
"YEDEBUB BIH?ROCH BIH?RESEBOCH NA HIZBOCH","HAWASSA CITY ADMINISTRATION-ZONE",349586,2012
"YEDEBUB BIH?ROCH BIH?RESEBOCH NA HIZBOCH","KEFFA",1101100,2012
"YEDEBUB BIH?ROCH BIH?RESEBOCH NA HIZBOCH","KEMBATA TIMBARO",800011,2012
"YEDEBUB BIH?ROCH BIH?RESEBOCH NA HIZBOCH","SHEKA",252380,2012
"YEDEBUB BIH?ROCH BIH?RESEBOCH NA HIZBOCH","SIDAMA",3783358,2012
"YEDEBUB BIH?ROCH BIH?RESEBOCH NA HIZBOCH","SILTI",1204384,2012
"YEDEBUB BIH?ROCH BIH?RESEBOCH NA HIZBOCH","SOUTH OMO",768230,2012
"YEDEBUB BIH?ROCH BIH?RESEBOCH NA HIZBOCH","WOLAYITA",1780523,2012
"YEDEBUB BIH?ROCH BIH?RESEBOCH NA HIZBOCH","YEM SPECIAL WEREDA",889817,2012
"YEDEBUB BIH?ROCH BIH?RESEBOCH NA HIZBOCH","YEM SPECIAL ZONE",64284,2012
"ADIS ABEBA","ADDIS KETEMA",278520,2013
"ADIS ABEBA","AKAKI KALITI",257337,2013
"ADIS ABEBA","ARADA",200588,2013
"ADIS ABEBA","BOLE",464530,2013
"ADIS ABEBA","GULELE",290697,2013
"ADIS ABEBA","KIRKOS",241611,2013
"ADIS ABEBA","KOLFE KERANIYO",667001,2013
"ADIS ABEBA","LIDETA",219792,2013
"ADIS ABEBA","NEFAS SILK-LAFTO",334422,2013
"ADIS ABEBA","YEKA",505986,2013
"AFAR","ZONE 1",490436,2013
"AFAR","ZONE 2",563790,2013
"AFAR","ZONE 3",271171,2013
"AFAR","ZONE 4",399233,2013
"AFAR","ZONE 5",164006,2013
"AMARA","ARGOBA SPECIAL ZONE",41191,2013
"AMARA","AWI-ZONE",1194908,2013
"AMARA","BAHIR DAR SPECIAL ZONE",354651,2013
"AMARA","EAST GOJJAM",2609477,2013
"AMARA","NORTH GONDAR",3759908,2013
"AMARA","NORTH SHEWA",2119319,2013
"AMARA","NORTH WELLO",1772462,2013
"AMARA","OROMIYA",512189,2013
"AMARA","SOUTH GONDAR",2389491,2013
"AMARA","SOUTH WELLO",2935245,2013
"AMARA","WAGHEMIRA",538990,2013
"AMARA","WEST GOJJAM",2494100,2013
"BINSHANGUL GUMUZ","ASOSSA",432490,2013
"BINSHANGUL GUMUZ","KEMASHI",305461,2013
"BINSHANGUL GUMUZ","METEKEL",384970,2013
"DIR? DAWA","DIR? DAWA",378388,2013
"DIR? DAWA","DIR? DAWA TOWN",55591,2013
"GAMB?LA HIZBOCH","AGNEWAK",136664,2013
"GAMB?LA HIZBOCH","MEZHENGER",121301,2013
"GAMB?LA HIZBOCH","NUWER",162854,2013
"HARERI HIZB","HARERI HIZB",230159,2013
"OROMIYA","ADAMA SPECIAL ZONE",279975,2013
"OROMIYA","ARSI",3322934,2013
"OROMIYA","BALE",1970300,2013
"OROMIYA","BORENA",1308269,2013
"OROMIYA","BURAYU SPECIAL ZONE",85489,2013
"OROMIYA","EAST HARARGE",3561205,2013
"OROMIYA","EAST SHEWA",1719239,2013
"OROMIYA","EAST WELLEGA",1552135,2013
"OROMIYA","GUJI",1961588,2013
"OROMIYA","HORO GUDRU WELEGA",711358,2013
"OROMIYA","ILU ABA BORA",1696729,2013
"OROMIYA","JIMA SPECIAL ZONE",149245,2013
"OROMIYA","JIMMA",2958864,2013
"OROMIYA","KELEM WELEGA",1036004,2013
"OROMIYA","NORTH SHEWA",1700344,2013
"OROMIYA","SOUTH WEST SHEWA",1377210,2013
"OROMIYA","WEST ARSI",2618110,2013
"OROMIYA","WEST HARARGE",2421779,2013
"OROMIYA","WEST SHEWA",2594894,2013
"OROMIYA","WEST WELLEGA",1841310,2013
"SUMAL?","AFDER",831835,2013
"SUMAL?","DEGEHABUR",668624,2013
"SUMAL?","FIK",467171,2013
"SUMAL?","GODE",726601,2013
"SUMAL?","JIJIGA",1231584,2013
"SUMAL?","KORAHE",386582,2013
"SUMAL?","LIBEN",655169,2013
"SUMAL?","SHINILE",595388,2013
"SUMAL?","WARDER",338233,2013
"TIGRAY","CENTRAL TIGRAY",1519908,2013
"TIGRAY","EASTERN TIGRAY",900489,2013
"TIGRAY","MEKELE SPECIAL",339049,2013
"TIGRAY","NORTH WESTERN TIGRAY",911107,2013
"TIGRAY","SOUTHERN TIGRAY",1202892,2013
"TIGRAY","WESTERN TIGRAY",497505,2013
"YEDEBUB BIH?ROCH BIH?RESEBOCH NA HIZBOCH","BENCH MAJI",978641,2013
"YEDEBUB BIH?ROCH BIH?RESEBOCH NA HIZBOCH","DAWURO",893593,2013
"YEDEBUB BIH?ROCH BIH?RESEBOCH NA HIZBOCH","GAMO GOFA",2057574,2013
"YEDEBUB BIH?ROCH BIH?RESEBOCH NA HIZBOCH","GEDEO",1103967,2013
"YEDEBUB BIH?ROCH BIH?RESEBOCH NA HIZBOCH","GURAGE",1447720,2013
"YEDEBUB BIH?ROCH BIH?RESEBOCH NA HIZBOCH","HADIYA",1497680,2013
"YEDEBUB BIH?ROCH BIH?RESEBOCH NA HIZBOCH","HAWASSA CITY ADMINISTRATION-ZONE",365678,2013
"YEDEBUB BIH?ROCH BIH?RESEBOCH NA HIZBOCH","KEFFA",1136080,2013
"YEDEBUB BIH?ROCH BIH?RESEBOCH NA HIZBOCH","KEMBATA TIMBARO",814321,2013
"YEDEBUB BIH?ROCH BIH?RESEBOCH NA HIZBOCH","SHEKA",260719,2013
"YEDEBUB BIH?ROCH BIH?RESEBOCH NA HIZBOCH","SIDAMA",3917559,2013
"YEDEBUB BIH?ROCH BIH?RESEBOCH NA HIZBOCH","SILTI",1236455,2013
"YEDEBUB BIH?ROCH BIH?RESEBOCH NA HIZBOCH","SOUTH OMO",802346,2013
"YEDEBUB BIH?ROCH BIH?RESEBOCH NA HIZBOCH","WOLAYITA",1815649,2013
"YEDEBUB BIH?ROCH BIH?RESEBOCH NA HIZBOCH","YEM SPECIAL WEREDA",930052,2013
"YEDEBUB BIH?ROCH BIH?RESEBOCH NA HIZBOCH","YEM SPECIAL ZONE",63946,2013
"ADIS ABEBA","ADDIS KETEMA",279072,2014
"ADIS ABEBA","AKAKI KALITI",269255,2014
"ADIS ABEBA","ARADA",196423,2014
"ADIS ABEBA","BOLE",490639,2014
"ADIS ABEBA","GULELE",291080,2014
"ADIS ABEBA","KIRKOS",242142,2014
"ADIS ABEBA","KOLFE KERANIYO",708402,2014
"ADIS ABEBA","LIDETA",220195,2014
"ADIS ABEBA","NEFAS SILK-LAFTO",333383,2014
"ADIS ABEBA","YEKA",531831,2014
"AFAR","ZONE 1",500363,2014
"AFAR","ZONE 2",601995,2014
"AFAR","ZONE 3",282646,2014
"AFAR","ZONE 4",428073,2014
"AFAR","ZONE 5",159061,2014
"AMARA","ARGOBA SPECIAL ZONE",41791,2014
"AMARA","AWI-ZONE",1219036,2014
"AMARA","BAHIR DAR SPECIAL ZONE",378331,2014
"AMARA","EAST GOJJAM",2660501,2014
"AMARA","NORTH GONDAR",3873735,2014
"AMARA","NORTH SHEWA",2143696,2014
"AMARA","NORTH WELLO",1800048,2014
"AMARA","OROMIYA",515535,2014
"AMARA","SOUTH GONDAR",2421305,2014
"AMARA","SOUTH WELLO",2975282,2014
"AMARA","WAGHEMIRA",553391,2014
"AMARA","WEST GOJJAM",2538608,2014
"BINSHANGUL GUMUZ","ASOSSA",451472,2014
"BINSHANGUL GUMUZ","KEMASHI",325560,2014
"BINSHANGUL GUMUZ","METEKEL",401722,2014
"DIR? DAWA","DIR? DAWA",385395,2014
"DIR? DAWA","DIR? DAWA TOWN",61533,2014
"GAMB?LA HIZBOCH","AGNEWAK",142626,2014
"GAMB?LA HIZBOCH","MEZHENGER",124747,2014
"GAMB?LA HIZBOCH","NUWER",170854,2014
"HARERI HIZB","HARERI HIZB",235995,2014
"OROMIYA","ADAMA SPECIAL ZONE",287681,2014
"OROMIYA","ARSI",3409568,2014
"OROMIYA","BALE",2060791,2014
"OROMIYA","BORENA",1360235,2014
"OROMIYA","BURAYU SPECIAL ZONE",88583,2014
"OROMIYA","EAST HARARGE",3684141,2014
"OROMIYA","EAST SHEWA",1765978,2014
"OROMIYA","EAST WELLEGA",1596583,2014
"OROMIYA","GUJI",2051203,2014
"OROMIYA","HORO GUDRU WELEGA",728838,2014
"OROMIYA","ILU ABA BORA",1762564,2014
"OROMIYA","JIMA SPECIAL ZONE",152603,2014
"OROMIYA","JIMMA",3021151,2014
"OROMIYA","KELEM WELEGA",1068593,2014
"OROMIYA","NORTH SHEWA",1728034,2014
"OROMIYA","SOUTH WEST SHEWA",1411860,2014
"OROMIYA","WEST ARSI",2712037,2014
"OROMIYA","WEST HARARGE",2496669,2014
"OROMIYA","WEST SHEWA",2663291,2014
"OROMIYA","WEST WELLEGA",1936745,2014
"SUMAL?","AFDER",877123,2014
"SUMAL?","DEGEHABUR",698578,2014
"SUMAL?","FIK",485770,2014
"SUMAL?","GODE",780628,2014
"SUMAL?","JIJIGA",1267442,2014
"SUMAL?","KORAHE",396003,2014
"SUMAL?","LIBEN",668828,2014
"SUMAL?","SHINILE",615406,2014
"SUMAL?","WARDER",340120,2014
"TIGRAY","CENTRAL TIGRAY",1551301,2014
"TIGRAY","EASTERN TIGRAY",915760,2014
"TIGRAY","MEKELE SPECIAL",360681,2014
"TIGRAY","NORTH WESTERN TIGRAY",931980,2014
"TIGRAY","SOUTHERN TIGRAY",1223743,2014
"TIGRAY","WESTERN TIGRAY",519625,2014
"YEDEBUB BIH?ROCH BIH?RESEBOCH NA HIZBOCH","BENCH MAJI",1034255,2014
"YEDEBUB BIH?ROCH BIH?RESEBOCH NA HIZBOCH","DAWURO",933170,2014
"YEDEBUB BIH?ROCH BIH?RESEBOCH NA HIZBOCH","GAMO GOFA",2120008,2014
"YEDEBUB BIH?ROCH BIH?RESEBOCH NA HIZBOCH","GEDEO",1139118,2014
"YEDEBUB BIH?ROCH BIH?RESEBOCH NA HIZBOCH","GURAGE",1459617,2014
"YEDEBUB BIH?ROCH BIH?RESEBOCH NA HIZBOCH","HADIYA",1528069,2014
"YEDEBUB BIH?ROCH BIH?RESEBOCH NA HIZBOCH","HAWASSA CITY ADMINISTRATION-ZONE",382318,2014
"YEDEBUB BIH?ROCH BIH?RESEBOCH NA HIZBOCH","KEFFA",1171583,2014
"YEDEBUB BIH?ROCH BIH?RESEBOCH NA HIZBOCH","KEMBATA TIMBARO",828475,2014
"YEDEBUB BIH?ROCH BIH?RESEBOCH NA HIZBOCH","SHEKA",269225,2014
"YEDEBUB BIH?ROCH BIH?RESEBOCH NA HIZBOCH","SIDAMA",4054881,2014
"YEDEBUB BIH?ROCH BIH?RESEBOCH NA HIZBOCH","SILTI",1268883,2014
"YEDEBUB BIH?ROCH BIH?RESEBOCH NA HIZBOCH","SOUTH OMO",837565,2014
"YEDEBUB BIH?ROCH BIH?RESEBOCH NA HIZBOCH","WOLAYITA",1850565,2014
"YEDEBUB BIH?ROCH BIH?RESEBOCH NA HIZBOCH","YEM SPECIAL WEREDA",971820,2014
"YEDEBUB BIH?ROCH BIH?RESEBOCH NA HIZBOCH","YEM SPECIAL ZONE",63576,2014
"ADIS ABEBA","ADDIS KETEMA",279473,2015
"ADIS ABEBA","AKAKI KALITI",281572,2015
"ADIS ABEBA","ARADA",192240,2015
"ADIS ABEBA","BOLE",517926,2015
"ADIS ABEBA","GULELE",291305,2015
"ADIS ABEBA","KIRKOS",242546,2015
"ADIS ABEBA","KOLFE KERANIYO",751955,2015
"ADIS ABEBA","LIDETA",220475,2015
"ADIS ABEBA","NEFAS SILK-LAFTO",332164,2015
"ADIS ABEBA","YEKA",558693,2015
"AFAR","ZONE 1",510308,2015
"AFAR","ZONE 2",642886,2015
"AFAR","ZONE 3",294657,2015
"AFAR","ZONE 4",459151,2015
"AFAR","ZONE 5",154195,2015
"AMARA","ARGOBA SPECIAL ZONE",42377,2015
"AMARA","AWI-ZONE",1243019,2015
"AMARA","BAHIR DAR SPECIAL ZONE",403377,2015
"AMARA","EAST GOJJAM",2711113,2015
"AMARA","NORTH GONDAR",3990090,2015
"AMARA","NORTH SHEWA",2167330,2015
"AMARA","NORTH WELLO",1827241,2015
"AMARA","OROMIYA",518624,2015
"AMARA","SOUTH GONDAR",2452559,2015
"AMARA","SOUTH WELLO",3014842,2015
"AMARA","WAGHEMIRA",567892,2015
"AMARA","WEST GOJJAM",2584175,2015
"BINSHANGUL GUMUZ","ASOSSA",471174,2015
"BINSHANGUL GUMUZ","KEMASHI",347140,2015
"BINSHANGUL GUMUZ","METEKEL",419012,2015
"DIR? DAWA","DIR? DAWA",392307,2015
"DIR? DAWA","DIR? DAWA TOWN",68084,2015
"GAMB?LA HIZBOCH","AGNEWAK",148820,2015
"GAMB?LA HIZBOCH","MEZHENGER",128231,2015
"GAMB?LA HIZBOCH","NUWER",179193,2015
"HARERI HIZB","HARERI HIZB",241840,2015
"OROMIYA","ADAMA SPECIAL ZONE",295447,2015
"OROMIYA","ARSI",3496636,2015
"OROMIYA","BALE",2155097,2015
"OROMIYA","BORENA",1413779,2015
"OROMIYA","BURAYU SPECIAL ZONE",91743,2015
"OROMIYA","EAST HARARGE",3811988,2015
"OROMIYA","EAST SHEWA",1813096,2015
"OROMIYA","EAST WELLEGA",1641512,2015
"OROMIYA","GUJI",2143936,2015
"OROMIYA","HORO GUDRU WELEGA",746397,2015
"OROMIYA","ILU ABA BORA",1831814,2015
"OROMIYA","JIMA SPECIAL ZONE",155953,2015
"OROMIYA","JIMMA",3083377,2015
"OROMIYA","KELEM WELEGA",1101702,2015
"OROMIYA","NORTH SHEWA",1755281,2015
"OROMIYA","SOUTH WEST SHEWA",1446738,2015
"OROMIYA","WEST ARSI",2808048,2015
"OROMIYA","WEST HARARGE",2572774,2015
"OROMIYA","WEST SHEWA",2732225,2015
"OROMIYA","WEST WELLEGA",2044585,2015
"SUMAL?","AFDER",925231,2015
"SUMAL?","DEGEHABUR",729711,2015
"SUMAL?","FIK",505340,2015
"SUMAL?","GODE",840401,2015
"SUMAL?","JIJIGA",1304127,2015
"SUMAL?","KORAHE",405615,2015
"SUMAL?","LIBEN",682602,2015
"SUMAL?","SHINILE",636104,2015
"SUMAL?","WARDER",341981,2015
"TIGRAY","CENTRAL TIGRAY",1582477,2015
"TIGRAY","EASTERN TIGRAY",930830,2015
"TIGRAY","MEKELE SPECIAL",383482,2015
"TIGRAY","NORTH WESTERN TIGRAY",952819,2015
"TIGRAY","SOUTHERN TIGRAY",1244322,2015
"TIGRAY","WESTERN TIGRAY",542616,2015
"YEDEBUB BIH?ROCH BIH?RESEBOCH NA HIZBOCH","BENCH MAJI",1092763,2015
"YEDEBUB BIH?ROCH BIH?RESEBOCH NA HIZBOCH","DAWURO",973979,2015
"YEDEBUB BIH?ROCH BIH?RESEBOCH NA HIZBOCH","GAMO GOFA",2183246,2015
"YEDEBUB BIH?ROCH BIH?RESEBOCH NA HIZBOCH","GEDEO",1174815,2015
"YEDEBUB BIH?ROCH BIH?RESEBOCH NA HIZBOCH","GURAGE",1470841,2015
"YEDEBUB BIH?ROCH BIH?RESEBOCH NA HIZBOCH","HADIYA",1558327,2015
"YEDEBUB BIH?ROCH BIH?RESEBOCH NA HIZBOCH","HAWASSA CITY ADMINISTRATION-ZONE",399495,2015
"YEDEBUB BIH?ROCH BIH?RESEBOCH NA HIZBOCH","KEFFA",1207581,2015
"YEDEBUB BIH?ROCH BIH?RESEBOCH NA HIZBOCH","KEMBATA TIMBARO",842475,2015
"YEDEBUB BIH?ROCH BIH?RESEBOCH NA HIZBOCH","SHEKA",277867,2015
"YEDEBUB BIH?ROCH BIH?RESEBOCH NA HIZBOCH","SIDAMA",4195173,2015
"YEDEBUB BIH?ROCH BIH?RESEBOCH NA HIZBOCH","SILTI",1301610,2015
"YEDEBUB BIH?ROCH BIH?RESEBOCH NA HIZBOCH","SOUTH OMO",873854,2015
"YEDEBUB BIH?ROCH BIH?RESEBOCH NA HIZBOCH","WOLAYITA",1885150,2015
"YEDEBUB BIH?ROCH BIH?RESEBOCH NA HIZBOCH","YEM SPECIAL WEREDA",1015110,2015
"YEDEBUB BIH?ROCH BIH?RESEBOCH NA HIZBOCH","YEM SPECIAL ZONE",63172,2015
"ADIS ABEBA","ADDIS KETEMA",279712,2016
"ADIS ABEBA","AKAKI KALITI",294277,2016
"ADIS ABEBA","ARADA",188032,2016
"ADIS ABEBA","BOLE",546410,2016
"ADIS ABEBA","GULELE",291357,2016
"ADIS ABEBA","KIRKOS",242806,2016
"ADIS ABEBA","KOLFE KERANIYO",797710,2016
"ADIS ABEBA","LIDETA",220630,2016
"ADIS ABEBA","NEFAS SILK-LAFTO",330751,2016
"ADIS ABEBA","YEKA",586564,2016
"AFAR","ZONE 1",520231,2016
"AFAR","ZONE 2",686600,2016
"AFAR","ZONE 3",307248,2016
"AFAR","ZONE 4",492626,2016
"AFAR","ZONE 5",149402,2016
"AMARA","ARGOBA SPECIAL ZONE",42947,2016
"AMARA","AWI-ZONE",1266810,2016
"AMARA","BAHIR DAR SPECIAL ZONE",429820,2016
"AMARA","EAST GOJJAM",2761167,2016
"AMARA","NORTH GONDAR",4108895,2016
"AMARA","NORTH SHEWA",2190127,2016
"AMARA","NORTH WELLO",1853925,2016
"AMARA","OROMIYA",521446,2016
"AMARA","SOUTH GONDAR",2483165,2016
"AMARA","SOUTH WELLO",3053747,2016
"AMARA","WAGHEMIRA",582457,2016
"AMARA","WEST GOJJAM",2630754,2016
"BINSHANGUL GUMUZ","ASOSSA",491564,2016
"BINSHANGUL GUMUZ","KEMASHI",370294,2016
"BINSHANGUL GUMUZ","METEKEL",436862,2016
"DIR? DAWA","DIR? DAWA",399118,2016
"DIR? DAWA","DIR? DAWA TOWN",75284,2016
"GAMB?LA HIZBOCH","AGNEWAK",155252,2016
"GAMB?LA HIZBOCH","MEZHENGER",131730,2016
"GAMB?LA HIZBOCH","NUWER",187874,2016
"HARERI HIZB","HARERI HIZB",247686,2016
"OROMIYA","ADAMA SPECIAL ZONE",303235,2016
"OROMIYA","ARSI",3583879,2016
"OROMIYA","BALE",2253318,2016
"OROMIYA","BORENA",1468874,2016
"OROMIYA","BURAYU SPECIAL ZONE",94953,2016
"OROMIYA","EAST HARARGE",3944905,2016
"OROMIYA","EAST SHEWA",1860442,2016
"OROMIYA","EAST WELLEGA",1686776,2016
"OROMIYA","GUJI",2239778,2016
"OROMIYA","HORO GUDRU WELEGA",763958,2016
"OROMIYA","ILU ABA BORA",1904768,2016
"OROMIYA","JIMA SPECIAL ZONE",159280,2016
"OROMIYA","JIMMA",3145364,2016
"OROMIYA","KELEM WELEGA",1135271,2016
"OROMIYA","NORTH SHEWA",1782003,2016
"OROMIYA","SOUTH WEST SHEWA",1481768,2016
"OROMIYA","WEST ARSI",2906040,2016
"OROMIYA","WEST HARARGE",2649949,2016
"OROMIYA","WEST SHEWA",2801483,2016
"OROMIYA","WEST WELLEGA",2166899,2016
"SUMAL?","AFDER",976374,2016
"SUMAL?","DEGEHABUR",761982,2016
"SUMAL?","FIK",525898,2016
"SUMAL?","GODE",906477,2016
"SUMAL?","JIJIGA",1341590,2016
"SUMAL?","KORAHE",415391,2016
"SUMAL?","LIBEN",696452,2016
"SUMAL?","SHINILE",657444,2016
"SUMAL?","WARDER",343802,2016
"TIGRAY","CENTRAL TIGRAY",1613359,2016
"TIGRAY","EASTERN TIGRAY",945658,2016
"TIGRAY","MEKELE SPECIAL",407471,2016
"TIGRAY","NORTH WESTERN TIGRAY",973577,2016
"TIGRAY","SOUTHERN TIGRAY",1264569,2016
"TIGRAY","WESTERN TIGRAY",566444,2016
"YEDEBUB BIH?ROCH BIH?RESEBOCH NA HIZBOCH","BENCH MAJI",1154192,2016
"YEDEBUB BIH?ROCH BIH?RESEBOCH NA HIZBOCH","DAWURO",1015973,2016
"YEDEBUB BIH?ROCH BIH?RESEBOCH NA HIZBOCH","GAMO GOFA",2247113,2016
"YEDEBUB BIH?ROCH BIH?RESEBOCH NA HIZBOCH","GEDEO",1210982,2016
"YEDEBUB BIH?ROCH BIH?RESEBOCH NA HIZBOCH","GURAGE",1481393,2016
"YEDEBUB BIH?ROCH BIH?RESEBOCH NA HIZBOCH","HADIYA",1588310,2016
"YEDEBUB BIH?ROCH BIH?RESEBOCH NA HIZBOCH","HAWASSA CITY ADMINISTRATION-ZONE",417196,2016
"YEDEBUB BIH?ROCH BIH?RESEBOCH NA HIZBOCH","KEFFA",1243994,2016
"YEDEBUB BIH?ROCH BIH?RESEBOCH NA HIZBOCH","KEMBATA TIMBARO",856199,2016
"YEDEBUB BIH?ROCH BIH?RESEBOCH NA HIZBOCH","SHEKA",286637,2016
"YEDEBUB BIH?ROCH BIH?RESEBOCH NA HIZBOCH","SIDAMA",4338201,2016
"YEDEBUB BIH?ROCH BIH?RESEBOCH NA HIZBOCH","SILTI",1334560,2016
"YEDEBUB BIH?ROCH BIH?RESEBOCH NA HIZBOCH","SOUTH OMO",911200,2016
"YEDEBUB BIH?ROCH BIH?RESEBOCH NA HIZBOCH","WOLAYITA",1919313,2016
"YEDEBUB BIH?ROCH BIH?RESEBOCH NA HIZBOCH","YEM SPECIAL WEREDA",1059931,2016
"YEDEBUB BIH?ROCH BIH?RESEBOCH NA HIZBOCH","YEM SPECIAL ZONE",62742,2016
"ADIS ABEBA","ADDIS KETEMA",279750,2017
"ADIS ABEBA","AKAKI KALITI",307341,2017
"ADIS ABEBA","ARADA",183786,2017
"ADIS ABEBA","BOLE",576040,2017
"ADIS ABEBA","GULELE",291202,2017
"ADIS ABEBA","KIRKOS",242894,2017
"ADIS ABEBA","KOLFE KERANIYO",845637,2017
"ADIS ABEBA","LIDETA",220625,2017
"ADIS ABEBA","NEFAS SILK-LAFTO",329114,2017
"ADIS ABEBA","YEKA",615395,2017
"AFAR","ZONE 1",530068,2017
"AFAR","ZONE 2",733242,2017
"AFAR","ZONE 3",320391,2017
"AFAR","ZONE 4",528619,2017
"AFAR","ZONE 5",144674,2017
"AMARA","ARGOBA SPECIAL ZONE",43496,2017
"AMARA","AWI-ZONE",1290191,2017
"AMARA","BAHIR DAR SPECIAL ZONE",457679,2017
"AMARA","EAST GOJJAM",2810253,2017
"AMARA","NORTH GONDAR",4229610,2017
"AMARA","NORTH SHEWA",2211776,2017
"AMARA","NORTH WELLO",1879853,2017
"AMARA","OROMIYA",523934,2017
"AMARA","SOUTH GONDAR",2512774,2017
"AMARA","SOUTH WELLO",3091622,2017
"AMARA","WAGHEMIRA",596972,2017
"AMARA","WEST GOJJAM",2678025,2017
"BINSHANGUL GUMUZ","ASOSSA",512631,2017
"BINSHANGUL GUMUZ","KEMASHI",395095,2017
"BINSHANGUL GUMUZ","METEKEL",455186,2017
"DIR? DAWA","DIR? DAWA",405751,2017
"DIR? DAWA","DIR? DAWA TOWN",83183,2017
"GAMB?LA HIZBOCH","AGNEWAK",161929,2017
"GAMB?LA HIZBOCH","MEZHENGER",135237,2017
"GAMB?LA HIZBOCH","NUWER",196886,2017
"HARERI HIZB","HARERI HIZB",253498,2017
"OROMIYA","ADAMA SPECIAL ZONE",311012,2017
"OROMIYA","ARSI",3670817,2017
"OROMIYA","BALE",2355232,2017
"OROMIYA","BORENA",1525344,2017
"OROMIYA","BURAYU SPECIAL ZONE",98213,2017
"OROMIYA","EAST HARARGE",4082869,2017
"OROMIYA","EAST SHEWA",1907757,2017
"OROMIYA","EAST WELLEGA",1732169,2017
"OROMIYA","GUJI",2338476,2017
"OROMIYA","HORO GUDRU WELEGA",781417,2017
"OROMIYA","ILU ABA BORA",1981593,2017
"OROMIYA","JIMA SPECIAL ZONE",162562,2017
"OROMIYA","JIMMA",3206644,2017
"OROMIYA","KELEM WELEGA",1169152,2017
"OROMIYA","NORTH SHEWA",1807904,2017
"OROMIYA","SOUTH WEST SHEWA",1516750,2017
"OROMIYA","WEST ARSI",3005610,2017
"OROMIYA","WEST HARARGE",2727834,2017
"OROMIYA","WEST SHEWA",2870701,2017
"OROMIYA","WEST WELLEGA",2305934,2017
"SUMAL?","AFDER",1030609,2017
"SUMAL?","DEGEHABUR",795347,2017
"SUMAL?","FIK",547476,2017
"SUMAL?","GODE",979343,2017
"SUMAL?","JIJIGA",1379688,2017
"SUMAL?","KORAHE",425306,2017
"SUMAL?","LIBEN",710290,2017
"SUMAL?","SHINILE",679391,2017
"SUMAL?","WARDER",345517,2017
"TIGRAY","CENTRAL TIGRAY",1643700,2017
"TIGRAY","EASTERN TIGRAY",960101,2017
"TIGRAY","MEKELE SPECIAL",432659,2017
"TIGRAY","NORTH WESTERN TIGRAY",994064,2017
"TIGRAY","SOUTHERN TIGRAY",1284310,2017
"TIGRAY","WESTERN TIGRAY",591093,2017
"YEDEBUB BIH?ROCH BIH?RESEBOCH NA HIZBOCH","BENCH MAJI",1218556,2017
"YEDEBUB BIH?ROCH BIH?RESEBOCH NA HIZBOCH","DAWURO",1059049,2017
"YEDEBUB BIH?ROCH BIH?RESEBOCH NA HIZBOCH","GAMO GOFA",2311330,2017
"YEDEBUB BIH?ROCH BIH?RESEBOCH NA HIZBOCH","GEDEO",1247442,2017
"YEDEBUB BIH?ROCH BIH?RESEBOCH NA HIZBOCH","GURAGE",1491015,2017
"YEDEBUB BIH?ROCH BIH?RESEBOCH NA HIZBOCH","HADIYA",1617787,2017
"YEDEBUB BIH?ROCH BIH?RESEBOCH NA HIZBOCH","HAWASSA CITY ADMINISTRATION-ZONE",435376,2017
"YEDEBUB BIH?ROCH BIH?RESEBOCH NA HIZBOCH","KEFFA",1280644,2017
"YEDEBUB BIH?ROCH BIH?RESEBOCH NA HIZBOCH","KEMBATA TIMBARO",869567,2017
"YEDEBUB BIH?ROCH BIH?RESEBOCH NA HIZBOCH","SHEKA",295497,2017
"YEDEBUB BIH?ROCH BIH?RESEBOCH NA HIZBOCH","SIDAMA",4483420,2017
"YEDEBUB BIH?ROCH BIH?RESEBOCH NA HIZBOCH","SILTI",1367531,2017
"YEDEBUB BIH?ROCH BIH?RESEBOCH NA HIZBOCH","SOUTH OMO",949487,2017
"YEDEBUB BIH?ROCH BIH?RESEBOCH NA HIZBOCH","WOLAYITA",1952733,2017
"YEDEBUB BIH?ROCH BIH?RESEBOCH NA HIZBOCH","YEM SPECIAL WEREDA",1106169,2017
"YEDEBUB BIH?ROCH BIH?RESEBOCH NA HIZBOCH","YEM SPECIAL ZONE",62263,2017
"ADIS ABEBA","ADDIS KETEMA",279560,2018
"ADIS ABEBA","AKAKI KALITI",320725,2018
"ADIS ABEBA","ARADA",179494,2018
"ADIS ABEBA","BOLE",606789,2018
"ADIS ABEBA","GULELE",290808,2018
"ADIS ABEBA","KIRKOS",242783,2018
"ADIS ABEBA","KOLFE KERANIYO",895710,2018
"ADIS ABEBA","LIDETA",220446,2018
"ADIS ABEBA","NEFAS SILK-LAFTO",327219,2018
"ADIS ABEBA","YEKA",645107,2018
"AFAR","ZONE 1",539753,2018
"AFAR","ZONE 2",782912,2018
"AFAR","ZONE 3",334073,2018
"AFAR","ZONE 4",567307,2018
"AFAR","ZONE 5",139992,2018
"AMARA","ARGOBA SPECIAL ZONE",44009,2018
"AMARA","AWI-ZONE",1313010,2018
"AMARA","BAHIR DAR SPECIAL ZONE",486936,2018
"AMARA","EAST GOJJAM",2857970,2018
"AMARA","NORTH GONDAR",4351763,2018
"AMARA","NORTH SHEWA",2231974,2018
"AMARA","NORTH WELLO",1904770,2018
"AMARA","OROMIYA",526019,2018
"AMARA","SOUTH GONDAR",2541131,2018
"AMARA","SOUTH WELLO",3128091,2018
"AMARA","WAGHEMIRA",611379,2018
"AMARA","WEST GOJJAM",2725810,2018
"BINSHANGUL GUMUZ","ASOSSA",534311,2018
"BINSHANGUL GUMUZ","KEMASHI",421632,2018
"BINSHANGUL GUMUZ","METEKEL",473952,2018
"DIR? DAWA","DIR? DAWA",412169,2018
"DIR? DAWA","DIR? DAWA TOWN",91841,2018
"GAMB?LA HIZBOCH","AGNEWAK",168830,2018
"GAMB?LA HIZBOCH","MEZHENGER",138718,2018
"GAMB?LA HIZBOCH","NUWER",206203,2018
"HARERI HIZB","HARERI HIZB",259237,2018
"OROMIYA","ADAMA SPECIAL ZONE",318731,2018
"OROMIYA","ARSI",3756853,2018
"OROMIYA","BALE",2460785,2018
"OROMIYA","BORENA",1582980,2018
"OROMIYA","BURAYU SPECIAL ZONE",101499,2018
"OROMIYA","EAST HARARGE",4225792,2018
"OROMIYA","EAST SHEWA",1954786,2018
"OROMIYA","EAST WELLEGA",1777402,2018
"OROMIYA","GUJI",2439794,2018
"OROMIYA","HORO GUDRU WELEGA",798681,2018
"OROMIYA","ILU ABA BORA",2062463,2018
"OROMIYA","JIMA SPECIAL ZONE",165781,2018
"OROMIYA","JIMMA",3266757,2018
"OROMIYA","KELEM WELEGA",1203170,2018
"OROMIYA","NORTH SHEWA",1832780,2018
"OROMIYA","SOUTH WEST SHEWA",1551430,2018
"OROMIYA","WEST ARSI",3106375,2018
"OROMIYA","WEST HARARGE",2806083,2018
"OROMIYA","WEST SHEWA",2939424,2018
"OROMIYA","WEST WELLEGA",2464315,2018
"SUMAL?","AFDER",1088024,2018
"SUMAL?","DEGEHABUR",829749,2018
"SUMAL?","FIK",570092,2018
"SUMAL?","GODE",1059525,2018
"SUMAL?","JIJIGA",1418261,2018
"SUMAL?","KORAHE",435271,2018
"SUMAL?","LIBEN",724021,2018
"SUMAL?","SHINILE",701865,2018
"SUMAL?","WARDER",347125,2018
"TIGRAY","CENTRAL TIGRAY",1673275,2018
"TIGRAY","EASTERN TIGRAY",974023,2018
"TIGRAY","MEKELE SPECIAL",459028,2018
"TIGRAY","NORTH WESTERN TIGRAY",1014196,2018
"TIGRAY","SOUTHERN TIGRAY",1303360,2018
"TIGRAY","WESTERN TIGRAY",616492,2018
"YEDEBUB BIH?ROCH BIH?RESEBOCH NA HIZBOCH","BENCH MAJI",1285822,2018
"YEDEBUB BIH?ROCH BIH?RESEBOCH NA HIZBOCH","DAWURO",1103080,2018
"YEDEBUB BIH?ROCH BIH?RESEBOCH NA HIZBOCH","GAMO GOFA",2375536,2018
"YEDEBUB BIH?ROCH BIH?RESEBOCH NA HIZBOCH","GEDEO",1284020,2018
"YEDEBUB BIH?ROCH BIH?RESEBOCH NA HIZBOCH","GURAGE",1499567,2018
"YEDEBUB BIH?ROCH BIH?RESEBOCH NA HIZBOCH","HADIYA",1646575,2018
"YEDEBUB BIH?ROCH BIH?RESEBOCH NA HIZBOCH","HAWASSA CITY ADMINISTRATION-ZONE",453975,2018
"YEDEBUB BIH?ROCH BIH?RESEBOCH NA HIZBOCH","KEFFA",1317331,2018
"YEDEBUB BIH?ROCH BIH?RESEBOCH NA HIZBOCH","KEMBATA TIMBARO",882471,2018
"YEDEBUB BIH?ROCH BIH?RESEBOCH NA HIZBOCH","SHEKA",304399,2018
"YEDEBUB BIH?ROCH BIH?RESEBOCH NA HIZBOCH","SIDAMA",4630235,2018
"YEDEBUB BIH?ROCH BIH?RESEBOCH NA HIZBOCH","SILTI",1400349,2018
"YEDEBUB BIH?ROCH BIH?RESEBOCH NA HIZBOCH","SOUTH OMO",988587,2018
"YEDEBUB BIH?ROCH BIH?RESEBOCH NA HIZBOCH","WOLAYITA",1985153,2018
"YEDEBUB BIH?ROCH BIH?RESEBOCH NA HIZBOCH","YEM SPECIAL WEREDA",1153736,2018
"YEDEBUB BIH?ROCH BIH?RESEBOCH NA HIZBOCH","YEM SPECIAL ZONE",61738,2018
"ADIS ABEBA","ADDIS KETEMA",279136,2019
"ADIS ABEBA","AKAKI KALITI",334404,2019
"ADIS ABEBA","ARADA",175147,2019
"ADIS ABEBA","BOLE",638633,2019
"ADIS ABEBA","GULELE",290174,2019
"ADIS ABEBA","KIRKOS",242466,2019
"ADIS ABEBA","KOLFE KERANIYO",947939,2019
"ADIS ABEBA","LIDETA",220075,2019
"ADIS ABEBA","NEFAS SILK-LAFTO",325059,2019
"ADIS ABEBA","YEKA",675679,2019
"AFAR","ZONE 1",549254,2019
"AFAR","ZONE 2",835714,2019
"AFAR","ZONE 3",348297,2019
"AFAR","ZONE 4",608820,2019
"AFAR","ZONE 5",135365,2019
"AMARA","ARGOBA SPECIAL ZONE",44500,2019
"AMARA","AWI-ZONE",1335176,2019
"AMARA","BAHIR DAR SPECIAL ZONE",517628,2019
"AMARA","EAST GOJJAM",2904153,2019
"AMARA","NORTH GONDAR",4475155,2019
"AMARA","NORTH SHEWA",2250670,2019
"AMARA","NORTH WELLO",1928600,2019
"AMARA","OROMIYA",527687,2019
"AMARA","SOUTH GONDAR",2568091,2019
"AMARA","SOUTH WELLO",3163007,2019
"AMARA","WAGHEMIRA",625620,2019
"AMARA","WEST GOJJAM",2773966,2019
"BINSHANGUL GUMUZ","ASOSSA",556584,2019
"BINSHANGUL GUMUZ","KEMASHI",449974,2019
"BINSHANGUL GUMUZ","METEKEL",493137,2019
"DIR? DAWA","DIR? DAWA",418330,2019
"DIR? DAWA","DIR? DAWA TOWN",101315,2019
"GAMB?LA HIZBOCH","AGNEWAK",175940,2019
"GAMB?LA HIZBOCH","MEZHENGER",142180,2019
"GAMB?LA HIZBOCH","NUWER",215823,2019
"HARERI HIZB","HARERI HIZB",264869,2019
"OROMIYA","ADAMA SPECIAL ZONE",326361,2019
"OROMIYA","ARSI",3841757,2019
"OROMIYA","BALE",2569929,2019
"OROMIYA","BORENA",1641731,2019
"OROMIYA","BURAYU SPECIAL ZONE",104808,2019
"OROMIYA","EAST HARARGE",4373901,2019
"OROMIYA","EAST SHEWA",2001359,2019
"OROMIYA","EAST WELLEGA",1822373,2019
"OROMIYA","GUJI",2543609,2019
"OROMIYA","HORO GUDRU WELEGA",815689,2019
"OROMIYA","ILU ABA BORA",2147769,2019
"OROMIYA","JIMA SPECIAL ZONE",168915,2019
"OROMIYA","JIMMA",3325501,2019
"OROMIYA","KELEM WELEGA",1237228,2019
"OROMIYA","NORTH SHEWA",1856491,2019
"OROMIYA","SOUTH WEST SHEWA",1585764,2019
"OROMIYA","WEST ARSI",3208119,2019
"OROMIYA","WEST HARARGE",2884479,2019
"OROMIYA","WEST SHEWA",3007487,2019
"OROMIYA","WEST WELLEGA",2645256,2019
"SUMAL?","AFDER",1148777,2019
"SUMAL?","DEGEHABUR",865140,2019
"SUMAL?","FIK",593792,2019
"SUMAL?","GODE",1147662,2019
"SUMAL?","JIJIGA",1457225,2019
"SUMAL?","KORAHE",445297,2019
"SUMAL?","LIBEN",737596,2019
"SUMAL?","SHINILE",724852,2019
"SUMAL?","WARDER",348588,2019
"TIGRAY","CENTRAL TIGRAY",1701956,2019
"TIGRAY","EASTERN TIGRAY",987384,2019
"TIGRAY","MEKELE SPECIAL",486602,2019
"TIGRAY","NORTH WESTERN TIGRAY",1033856,2019
"TIGRAY","SOUTHERN TIGRAY",1321623,2019
"TIGRAY","WESTERN TIGRAY",642647,2019
"YEDEBUB BIH?ROCH BIH?RESEBOCH NA HIZBOCH","BENCH MAJI",1356029,2019
"YEDEBUB BIH?ROCH BIH?RESEBOCH NA HIZBOCH","DAWURO",1147971,2019
"YEDEBUB BIH?ROCH BIH?RESEBOCH NA HIZBOCH","GAMO GOFA",2439582,2019
"YEDEBUB BIH?ROCH BIH?RESEBOCH NA HIZBOCH","GEDEO",1320627,2019
"YEDEBUB BIH?ROCH BIH?RESEBOCH NA HIZBOCH","GURAGE",1506965,2019
"YEDEBUB BIH?ROCH BIH?RESEBOCH NA HIZBOCH","HADIYA",1674557,2019
"YEDEBUB BIH?ROCH BIH?RESEBOCH NA HIZBOCH","HAWASSA CITY ADMINISTRATION-ZONE",472969,2019
"YEDEBUB BIH?ROCH BIH?RESEBOCH NA HIZBOCH","KEFFA",1353971,2019
"YEDEBUB BIH?ROCH BIH?RESEBOCH NA HIZBOCH","KEMBATA TIMBARO",894807,2019
"YEDEBUB BIH?ROCH BIH?RESEBOCH NA HIZBOCH","SHEKA",313323,2019
"YEDEBUB BIH?ROCH BIH?RESEBOCH NA HIZBOCH","SIDAMA",4778332,2019
"YEDEBUB BIH?ROCH BIH?RESEBOCH NA HIZBOCH","SILTI",1432902,2019
"YEDEBUB BIH?ROCH BIH?RESEBOCH NA HIZBOCH","SOUTH OMO",1028446,2019
"YEDEBUB BIH?ROCH BIH?RESEBOCH NA HIZBOCH","WOLAYITA",2016457,2019
"YEDEBUB BIH?ROCH BIH?RESEBOCH NA HIZBOCH","YEM SPECIAL WEREDA",1202589,2019
"YEDEBUB BIH?ROCH BIH?RESEBOCH NA HIZBOCH","YEM SPECIAL ZONE",61167,2019
"ADIS ABEBA","ADDIS KETEMA",278465,2020
"ADIS ABEBA","AKAKI KALITI",348361,2020
"ADIS ABEBA","ARADA",170762,2020
"ADIS ABEBA","BOLE",671555,2020
"ADIS ABEBA","GULELE",289287,2020
"ADIS ABEBA","KIRKOS",241939,2020
"ADIS ABEBA","KOLFE KERANIYO",1002310,2020
"ADIS ABEBA","LIDETA",219512,2020
"ADIS ABEBA","NEFAS SILK-LAFTO",322630,2020
"ADIS ABEBA","YEKA",707076,2020
"AFAR","ZONE 1",558519,2020
"AFAR","ZONE 2",891822,2020
"AFAR","ZONE 3",363089,2020
"AFAR","ZONE 4",653379,2020
"AFAR","ZONE 5",130789,2020
"AMARA","ARGOBA SPECIAL ZONE",44949,2020
"AMARA","AWI-ZONE",1356585,2020
"AMARA","BAHIR DAR SPECIAL ZONE",549755,2020
"AMARA","EAST GOJJAM",2948607,2020
"AMARA","NORTH GONDAR",4599561,2020
"AMARA","NORTH SHEWA",2267687,2020
"AMARA","NORTH WELLO",1951205,2020
"AMARA","OROMIYA",528911,2020
"AMARA","SOUTH GONDAR",2593559,2020
"AMARA","SOUTH WELLO",3196210,2020
"AMARA","WAGHEMIRA",639664,2020
"AMARA","WEST GOJJAM",2822430,2020
"BINSHANGUL GUMUZ","ASOSSA",579453,2020
"BINSHANGUL GUMUZ","KEMASHI",480255,2020
"BINSHANGUL GUMUZ","METEKEL",512703,2020
"DIR? DAWA","DIR? DAWA",424210,2020
"DIR? DAWA","DIR? DAWA TOWN",111662,2020
"GAMB?LA HIZBOCH","AGNEWAK",183277,2020
"GAMB?LA HIZBOCH","MEZHENGER",145595,2020
"GAMB?LA HIZBOCH","NUWER",225743,2020
"HARERI HIZB","HARERI HIZB",270396,2020
"OROMIYA","ADAMA SPECIAL ZONE",333893,2020
"OROMIYA","ARSI",3925205,2020
"OROMIYA","BALE",2682624,2020
"OROMIYA","BORENA",1701467,2020
"OROMIYA","BURAYU SPECIAL ZONE",108126,2020
"OROMIYA","EAST HARARGE",4527493,2020
"OROMIYA","EAST SHEWA",2047345,2020
"OROMIYA","EAST WELLEGA",1866938,2020
"OROMIYA","GUJI",2649796,2020
"OROMIYA","HORO GUDRU WELEGA",832359,2020
"OROMIYA","ILU ABA BORA",2237930,2020
"OROMIYA","JIMA SPECIAL ZONE",171964,2020
"OROMIYA","JIMMA",3382641,2020
"OROMIYA","KELEM WELEGA",1271257,2020
"OROMIYA","NORTH SHEWA",1878940,2020
"OROMIYA","SOUTH WEST SHEWA",1619612,2020
"OROMIYA","WEST ARSI",3310643,2020
"OROMIYA","WEST HARARGE",2962802,2020
"OROMIYA","WEST SHEWA",3074657,2020
"OROMIYA","WEST WELLEGA",2852466,2020
"SUMAL?","AFDER",1213019,2020
"SUMAL?","DEGEHABUR",901501,2020
"SUMAL?","FIK",618607,2020
"SUMAL?","GODE",1244410,2020
"SUMAL?","JIJIGA",1496513,2020
"SUMAL?","KORAHE",455354,2020
"SUMAL?","LIBEN",750979,2020
"SUMAL?","SHINILE",748324,2020
"SUMAL?","WARDER",349875,2020
"TIGRAY","CENTRAL TIGRAY",1729632,2020
"TIGRAY","EASTERN TIGRAY",1000097,2020
"TIGRAY","MEKELE SPECIAL",515368,2020
"TIGRAY","NORTH WESTERN TIGRAY",1053007,2020
"TIGRAY","SOUTHERN TIGRAY",1339050,2020
"TIGRAY","WESTERN TIGRAY",669527,2020
"YEDEBUB BIH?ROCH BIH?RESEBOCH NA HIZBOCH","BENCH MAJI",1429177,2020
"YEDEBUB BIH?ROCH BIH?RESEBOCH NA HIZBOCH","DAWURO",1193656,2020
"YEDEBUB BIH?ROCH BIH?RESEBOCH NA HIZBOCH","GAMO GOFA",2503250,2020
"YEDEBUB BIH?ROCH BIH?RESEBOCH NA HIZBOCH","GEDEO",1357152,2020
"YEDEBUB BIH?ROCH BIH?RESEBOCH NA HIZBOCH","GURAGE",1513168,2020
"YEDEBUB BIH?ROCH BIH?RESEBOCH NA HIZBOCH","HADIYA",1701585,2020
"YEDEBUB BIH?ROCH BIH?RESEBOCH NA HIZBOCH","HAWASSA CITY ADMINISTRATION-ZONE",492327,2020
"YEDEBUB BIH?ROCH BIH?RESEBOCH NA HIZBOCH","KEFFA",1390449,2020
"YEDEBUB BIH?ROCH BIH?RESEBOCH NA HIZBOCH","KEMBATA TIMBARO",906574,2020
"YEDEBUB BIH?ROCH BIH?RESEBOCH NA HIZBOCH","SHEKA",322261,2020
"YEDEBUB BIH?ROCH BIH?RESEBOCH NA HIZBOCH","SIDAMA",4927367,2020
"YEDEBUB BIH?ROCH BIH?RESEBOCH NA HIZBOCH","SILTI",1465090,2020
"YEDEBUB BIH?ROCH BIH?RESEBOCH NA HIZBOCH","SOUTH OMO",1068985,2020
"YEDEBUB BIH?ROCH BIH?RESEBOCH NA HIZBOCH","WOLAYITA",2046507,2020
"YEDEBUB BIH?ROCH BIH?RESEBOCH NA HIZBOCH","YEM SPECIAL WEREDA",1252668,2020
"YEDEBUB BIH?ROCH BIH?RESEBOCH NA HIZBOCH","YEM SPECIAL ZONE",60550,2020
